IDSubComponent,IDCompDesc,IDFunction,Value,IDUnit,TolP,TolN,ForceBits,PinA,PinB,PinC,PinD,PinE,PinF,PinG,PinH,PinS
9,2,52,13.0,9,0.0,0.0,1,1,19,2,18,0,0,0,0,
10,2,52,13.0,9,0.0,0.0,1,1,19,3,17,0,0,0,0,
11,2,52,13.0,9,0.0,0.0,1,1,19,4,16,0,0,0,0,
12,2,52,13.0,9,0.0,0.0,1,1,19,5,15,0,0,0,0,
13,2,52,13.0,9,0.0,0.0,1,1,19,6,14,0,0,0,0,
14,2,52,13.0,9,0.0,0.0,1,1,19,7,13,0,0,0,0,
15,2,52,13.0,9,0.0,0.0,1,1,19,8,12,0,0,0,0,
16,2,52,13.0,9,0.0,0.0,1,1,19,9,11,0,0,0,0,
17,3,8,0.7,4,10.0,10.0,1,1,3,0,0,0,0,0,0,
18,3,8,0.7,4,10.0,10.0,1,3,2,0,0,0,0,0,0,
19,4,8,0.3,4,10.0,10.0,1,1,3,0,0,0,0,0,0,
20,4,8,0.3,4,10.0,10.0,1,3,2,0,0,0,0,0,0,
21,5,12,0.0,4,0.0,0.0,0,1,3,2,0,0,0,0,0,
22,5,12,0.0,4,0.0,0.0,0,8,6,7,0,0,0,0,0,
23,5,12,0.0,4,0.0,0.0,0,9,11,10,0,0,0,0,0,
24,5,12,0.0,4,0.0,0.0,0,16,14,15,0,0,0,0,0,
25,6,43,0.0,4,0.0,0.0,0,1,2,7,0,0,0,0,0,
26,6,43,0.0,4,0.0,0.0,0,4,3,6,0,0,0,0,0,
27,7,43,0.0,4,0.0,0.0,0,1,2,16,15,0,0,0,0,
28,7,43,0.0,4,0.0,0.0,0,3,4,14,13,0,0,0,0,
29,7,43,0.0,4,0.0,0.0,0,5,6,12,11,0,0,0,0,
30,7,43,0.0,4,0.0,0.0,0,7,8,10,9,0,0,0,0,
31,8,52,12.0,9,0.0,0.0,1,1,2,0,0,0,0,0,0,
32,8,52,12.0,9,0.0,0.0,1,3,4,0,0,0,0,0,0,
33,8,52,12.0,9,0.0,0.0,1,5,6,0,0,0,0,0,0,
34,8,52,12.0,9,0.0,0.0,1,9,8,0,0,0,0,0,0,
35,8,52,12.0,9,0.0,0.0,1,11,10,0,0,0,0,0,0,
36,8,52,12.0,9,0.0,0.0,1,13,12,0,0,0,0,0,0,
37,9,52,2.0,9,0.0,0.0,1,1,2,4,0,0,0,0,0,
38,10,53,0.0,4,0.0,0.0,0,1,3,4,0,0,0,0,0,
39,11,53,0.0,4,0.0,0.0,0,1,2,3,0,0,0,0,0,
40,11,53,0.0,4,0.0,0.0,0,5,6,7,0,0,0,0,0,
41,12,53,0.0,4,0.0,0.0,0,3,5,0,0,0,0,0,0,
42,13,8,0.7,4,10.0,10.0,1,1,3,0,0,0,0,0,0,
43,14,8,0.3,4,10.0,10.0,1,1,2,0,0,0,0,0,0,
44,14,8,0.3,4,10.0,10.0,1,3,2,0,0,0,0,0,0,
45,15,8,0.3,4,10.0,10.0,1,1,2,0,0,0,0,0,0,
46,15,8,0.3,4,10.0,10.0,1,3,2,0,0,0,0,0,0,
47,16,8,0.3,4,10.0,10.0,1,1,2,0,0,0,0,0,0,
48,16,8,0.3,4,10.0,10.0,1,2,3,0,0,0,0,0,0,
49,17,8,0.0,4,10.0,10.0,0,1,2,0,0,0,0,0,0,
50,17,8,0.0,4,10.0,10.0,6,3,2,0,0,0,0,0,0,
55,19,8,0.0,4,0.0,0.0,0,2,1,0,0,0,0,0,0,
56,19,8,0.0,4,0.0,0.0,0,4,3,0,0,0,0,0,0,
57,20,6,0.0,4,0.0,0.0,0,2,1,0,0,0,0,0,0,
58,20,6,0.0,4,0.0,0.0,0,3,1,0,0,0,0,0,0,
59,20,6,0.0,4,0.0,0.0,0,4,1,0,0,0,0,0,0,
60,20,6,0.0,4,0.0,0.0,0,5,1,0,0,0,0,0,0,
61,21,6,0.0,4,0.0,0.0,0,2,1,0,0,0,0,0,0,
62,21,6,0.0,4,0.0,0.0,0,3,1,0,0,0,0,0,0,
63,21,6,0.0,4,0.0,0.0,0,4,1,0,0,0,0,0,0,
64,21,6,0.0,4,0.0,0.0,0,5,1,0,0,0,0,0,0,
65,21,6,0.0,4,0.0,0.0,0,6,1,0,0,0,0,0,0,
66,22,6,0.0,4,0.0,0.0,0,2,1,0,0,0,0,0,0,
67,22,6,0.0,4,0.0,0.0,0,3,1,0,0,0,0,0,0,
68,22,6,0.0,4,0.0,0.0,0,4,1,0,0,0,0,0,0,
69,22,6,0.0,4,0.0,0.0,0,5,1,0,0,0,0,0,0,
70,22,6,0.0,4,0.0,0.0,0,6,1,0,0,0,0,0,0,
71,22,6,0.0,4,0.0,0.0,0,7,1,0,0,0,0,0,0,
72,22,6,0.0,4,0.0,0.0,0,8,1,0,0,0,0,0,0,
73,23,6,0.0,4,0.0,0.0,0,2,1,0,0,0,0,0,0,
74,23,6,0.0,4,0.0,0.0,0,3,1,0,0,0,0,0,0,
75,23,6,0.0,4,0.0,0.0,0,4,1,0,0,0,0,0,0,
76,23,6,0.0,4,0.0,0.0,0,5,1,0,0,0,0,0,0,
77,23,6,0.0,4,0.0,0.0,0,6,1,0,0,0,0,0,0,
78,23,6,0.0,4,0.0,0.0,0,7,1,0,0,0,0,0,0,
79,23,6,0.0,4,0.0,0.0,0,8,1,0,0,0,0,0,0,
80,23,6,0.0,4,0.0,0.0,0,9,1,0,0,0,0,0,0,
81,24,6,0.0,4,0.0,0.0,0,2,1,0,0,0,0,0,0,
82,24,6,0.0,4,0.0,0.0,0,3,1,0,0,0,0,0,0,
83,24,6,0.0,4,0.0,0.0,0,4,1,0,0,0,0,0,0,
84,24,6,0.0,4,0.0,0.0,0,5,1,0,0,0,0,0,0,
85,24,6,0.0,4,0.0,0.0,0,6,1,0,0,0,0,0,0,
86,24,6,0.0,4,0.0,0.0,0,7,1,0,0,0,0,0,0,
87,24,6,0.0,4,0.0,0.0,0,8,1,0,0,0,0,0,0,
88,24,6,0.0,4,0.0,0.0,0,9,1,0,0,0,0,0,0,
89,24,6,0.0,4,0.0,0.0,0,10,1,0,0,0,0,0,0,
90,25,6,0.0,4,0.0,0.0,0,1,16,0,0,0,0,0,0,
91,25,6,0.0,4,0.0,0.0,0,8,16,0,0,0,0,0,0,
92,25,6,0.0,4,0.0,0.0,0,9,16,0,0,0,0,0,0,
93,25,6,0.0,4,0.0,0.0,0,10,16,0,0,0,0,0,0,
94,25,6,0.0,4,0.0,0.0,0,11,16,0,0,0,0,0,0,
95,25,6,0.0,4,0.0,0.0,0,12,16,0,0,0,0,0,0,
96,25,6,0.0,4,0.0,0.0,0,13,16,0,0,0,0,0,0,
97,25,6,0.0,4,0.0,0.0,0,14,16,0,0,0,0,0,0,
98,25,6,0.0,4,0.0,0.0,0,15,16,0,0,0,0,0,0,
99,25,6,0.0,4,0.0,0.0,0,2,16,0,0,0,0,0,0,
100,25,6,0.0,4,0.0,0.0,0,3,16,0,0,0,0,0,0,
101,25,6,0.0,4,0.0,0.0,0,4,16,0,0,0,0,0,0,
102,25,6,0.0,4,0.0,0.0,0,5,16,0,0,0,0,0,0,
103,25,6,0.0,4,0.0,0.0,0,6,16,0,0,0,0,0,0,
104,25,6,0.0,4,0.0,0.0,0,7,16,0,0,0,0,0,0,
105,26,6,0.0,4,0.0,0.0,0,1,2,0,0,0,0,0,0,
106,26,6,0.0,4,0.0,0.0,0,3,4,0,0,0,0,0,0,
107,26,6,0.0,4,0.0,0.0,0,5,6,0,0,0,0,0,0,
108,27,6,0.0,4,0.0,0.0,0,1,2,0,0,0,0,0,0,
109,27,6,0.0,4,0.0,0.0,0,3,4,0,0,0,0,0,0,
110,27,6,0.0,4,0.0,0.0,0,5,6,0,0,0,0,0,0,
111,27,6,0.0,4,0.0,0.0,0,7,8,0,0,0,0,0,0,
112,28,6,0.0,4,0.0,0.0,0,1,2,0,0,0,0,0,0,
113,28,6,0.0,4,0.0,0.0,0,3,4,0,0,0,0,0,0,
114,28,6,0.0,4,0.0,0.0,0,5,6,0,0,0,0,0,0,
115,28,6,0.0,4,0.0,0.0,0,7,8,0,0,0,0,0,0,
116,28,6,0.0,4,0.0,0.0,0,9,10,0,0,0,0,0,0,
117,29,6,0.0,4,0.0,0.0,0,1,16,0,0,0,0,0,0,
118,29,6,0.0,4,0.0,0.0,0,2,15,0,0,0,0,0,0,
119,29,6,0.0,4,0.0,0.0,0,3,14,0,0,0,0,0,0,
120,29,6,0.0,4,0.0,0.0,0,4,13,0,0,0,0,0,0,
121,29,6,0.0,4,0.0,0.0,0,5,12,0,0,0,0,0,0,
122,29,6,0.0,4,0.0,0.0,0,6,11,0,0,0,0,0,0,
123,29,6,0.0,4,0.0,0.0,0,7,10,0,0,0,0,0,0,
124,29,6,0.0,4,0.0,0.0,0,8,9,0,0,0,0,0,0,
125,30,6,0.0,4,0.0,0.0,0,2,1,0,0,0,0,0,0,
126,30,6,0.0,4,0.0,0.0,0,2,6,0,0,0,0,0,0,
127,30,6,0.0,4,0.0,0.0,0,3,1,0,0,0,0,0,0,
128,30,6,0.0,4,0.0,0.0,0,3,6,0,0,0,0,0,0,
129,30,6,0.0,4,0.0,0.0,0,4,1,0,0,0,0,0,0,
130,30,6,0.0,4,0.0,0.0,0,4,6,0,0,0,0,0,0,
131,30,6,0.0,4,0.0,0.0,0,5,1,0,0,0,0,0,0,
132,30,6,0.0,4,0.0,0.0,0,5,6,0,0,0,0,0,0,
133,31,8,0.75,4,10.0,10.0,1,2,3,0,0,0,0,0,0,
135,33,8,0.7,4,0.0,0.0,1,1,3,0,0,0,0,0,0,
136,33,8,0.7,4,0.0,0.0,1,2,3,0,0,0,0,0,0,
137,34,8,0.7,4,0.0,0.0,1,3,1,0,0,0,0,0,0,
138,34,8,0.7,4,0.0,0.0,1,3,2,0,0,0,0,0,0,
139,35,8,0.7,4,10.0,10.0,1,4,1,0,0,0,0,0,0,
140,35,8,0.7,4,10.0,10.0,1,3,2,0,0,0,0,0,0,
141,36,8,0.0,4,0.0,0.0,0,1,6,0,0,0,0,0,0,
142,36,8,0.0,4,0.0,0.0,0,4,3,0,0,0,0,0,0,
143,37,8,0.0,4,0.0,0.0,0,1,2,0,0,0,0,0,0,
144,37,8,0.0,4,0.0,0.0,0,1,3,0,0,0,0,0,0,
145,37,8,0.0,4,0.0,0.0,0,1,4,0,0,0,0,0,0,
146,37,8,0.0,4,0.0,0.0,0,1,5,0,0,0,0,0,0,
147,37,8,0.0,4,0.0,0.0,0,1,6,0,0,0,0,0,0,
148,37,8,0.0,4,0.0,0.0,0,1,7,0,0,0,0,0,0,
149,38,8,0.0,4,0.0,0.0,0,2,1,0,0,0,0,0,0,
150,38,8,0.0,4,0.0,0.0,0,3,1,0,0,0,0,0,0,
151,38,8,0.0,4,0.0,0.0,0,4,1,0,0,0,0,0,0,
152,38,8,0.0,4,0.0,0.0,0,5,1,0,0,0,0,0,0,
153,38,8,0.0,4,0.0,0.0,0,6,1,0,0,0,0,0,0,
154,38,8,0.0,4,0.0,0.0,0,7,1,0,0,0,0,0,0,
155,39,7,0.0,4,0.0,0.0,0,2,1,0,0,0,0,0,0,
156,39,7,0.0,4,0.0,0.0,0,3,1,0,0,0,0,0,0,
157,39,7,0.0,4,0.0,0.0,0,4,1,0,0,0,0,0,0,
158,39,7,0.0,4,0.0,0.0,0,5,1,0,0,0,0,0,0,
159,39,7,0.0,4,0.0,0.0,0,6,1,0,0,0,0,0,0,
160,39,7,0.0,4,0.0,0.0,0,7,1,0,0,0,0,0,0,
161,39,7,0.0,4,0.0,0.0,0,8,1,0,0,0,0,0,0,
162,39,7,0.0,4,0.0,0.0,0,9,1,0,0,0,0,0,0,
163,40,8,0.0,4,0.0,0.0,0,1,2,0,0,0,0,0,0,
164,40,8,0.0,4,0.0,0.0,0,1,3,0,0,0,0,0,0,
165,40,8,0.0,4,0.0,0.0,0,1,4,0,0,0,0,0,0,
166,40,8,0.0,4,0.0,0.0,0,1,5,0,0,0,0,0,0,
167,40,8,0.0,4,0.0,0.0,0,1,6,0,0,0,0,0,0,
168,40,8,0.0,4,0.0,0.0,0,1,7,0,0,0,0,0,0,
169,40,8,0.0,4,0.0,0.0,0,1,8,0,0,0,0,0,0,
170,40,8,0.0,4,0.0,0.0,0,1,9,0,0,0,0,0,0,
171,41,8,0.0,4,0.0,0.0,0,2,1,0,0,0,0,0,0,
172,41,8,0.0,4,0.0,0.0,0,3,1,0,0,0,0,0,0,
173,41,8,0.0,4,0.0,0.0,0,4,1,0,0,0,0,0,0,
174,41,8,0.0,4,0.0,0.0,0,5,1,0,0,0,0,0,0,
175,41,8,0.0,4,0.0,0.0,0,6,1,0,0,0,0,0,0,
176,41,8,0.0,4,0.0,0.0,0,7,1,0,0,0,0,0,0,
177,41,8,0.0,4,0.0,0.0,0,8,1,0,0,0,0,0,0,
178,41,8,0.0,4,0.0,0.0,0,9,1,0,0,0,0,0,0,
179,42,8,0.0,4,0.0,0.0,0,2,1,0,0,0,0,0,0,
180,42,8,0.0,4,0.0,0.0,0,4,3,0,0,0,0,0,0,
181,42,8,0.0,4,0.0,0.0,0,6,5,0,0,0,0,0,0,
182,42,8,0.0,4,0.0,0.0,0,8,7,0,0,0,0,0,0,
183,42,8,0.0,4,0.0,0.0,0,10,9,0,0,0,0,0,0,
184,43,53,0.0,4,0.0,0.0,0,3,2,1,0,0,0,0,0,
185,43,53,0.0,4,0.0,0.0,0,5,6,7,0,0,0,0,0,
186,43,53,0.0,4,0.0,0.0,0,10,9,8,0,0,0,0,0,
187,43,53,0.0,4,0.0,0.0,0,12,13,14,0,0,0,0,0,
188,44,53,0.0,4,0.0,0.0,0,3,2,1,0,0,0,0,0,
189,44,53,0.0,4,0.0,0.0,0,5,6,7,0,0,0,0,0,
190,45,53,0.0,4,0.0,0.0,0,3,2,6,0,0,0,0,0,
191,46,53,0.0,4,0.0,0.0,0,7,8,1,0,0,0,0,0,
192,46,53,0.0,4,0.0,0.0,0,6,5,3,0,0,0,0,0,
193,47,53,0.0,4,0.0,0.0,0,6,5,3,0,0,0,0,0,
194,47,53,0.0,4,0.0,0.0,0,7,8,1,0,0,0,0,0,
195,48,53,0.0,4,0.0,0.0,0,8,7,2,0,0,0,0,0,
196,48,53,0.0,4,0.0,0.0,0,9,10,16,0,0,0,0,0,
197,49,53,0.0,4,0.0,0.0,0,13,14,3,0,0,0,0,0,
198,49,53,0.0,4,0.0,0.0,0,12,11,5,0,0,0,0,0,
199,50,43,0.0,4,0.0,0.0,0,1,2,8,7,0,0,0,0,
200,50,43,0.0,4,0.0,0.0,0,3,4,6,5,0,0,0,0,
201,51,53,0.0,4,0.0,0.0,0,3,4,1,0,0,0,0,0,
202,52,43,0.0,4,0.0,0.0,0,1,2,5,4,0,0,0,0,
203,53,8,0.0,4,0.0,0.0,0,4,1,0,0,0,0,0,0,
204,53,8,0.0,4,0.0,0.0,0,4,3,0,0,0,0,0,0,
205,53,8,0.0,4,0.0,0.0,0,1,2,0,0,0,0,0,0,
206,53,8,0.0,4,0.0,0.0,0,3,2,0,0,0,0,0,0,
207,54,6,0.0,4,0.0,0.0,0,1,8,0,0,0,0,0,0,
208,54,6,0.0,4,0.0,0.0,0,2,7,0,0,0,0,0,0,
209,54,6,0.0,4,0.0,0.0,0,3,6,0,0,0,0,0,0,
210,54,6,0.0,4,0.0,0.0,0,4,5,0,0,0,0,0,0,
211,55,6,0.0,4,0.0,0.0,0,1,2,0,0,0,0,0,0,
212,55,6,0.0,4,0.0,0.0,0,1,3,0,0,0,0,0,0,
213,56,8,0.3,4,10.0,10.0,1,1,3,0,0,0,0,0,0,
214,57,52,13.0,9,0.0,0.0,1,2,1,3,0,0,0,0,0,
215,57,52,13.0,9,0.0,0.0,1,5,4,6,0,0,0,0,0,
216,57,52,13.0,9,0.0,0.0,1,9,10,8,0,0,0,0,0,
217,57,52,13.0,9,0.0,0.0,1,12,13,11,0,0,0,0,0,
222,58,52,2.0,9,0.0,0.0,1,1,2,3,0,0,0,0,0,
223,58,52,2.0,9,0.0,0.0,1,4,5,6,0,0,0,0,0,
224,58,52,2.0,9,0.0,0.0,1,9,10,8,0,0,0,0,0,
225,58,52,2.0,9,0.0,0.0,1,12,13,11,0,0,0,0,0,
226,59,52,0.0,9,0.0,0.0,1,1,2,3,0,0,0,0,0,
227,59,52,0.0,9,0.0,0.0,1,4,5,6,0,0,0,0,0,
228,59,52,0.0,9,0.0,0.0,1,9,10,8,0,0,0,0,0,
229,59,52,0.0,9,0.0,0.0,1,12,13,11,0,0,0,0,0,
230,60,14,0.0,4,0.0,0.0,0,1,4,5,0,0,0,0,0,
231,61,14,0.0,4,0.0,0.0,0,1,2,7,0,0,0,0,0,
232,61,14,0.0,4,0.0,0.0,0,3,4,5,0,0,0,0,0,
233,62,8,0.3,4,10.0,10.0,1,3,1,0,0,0,0,0,0,
234,62,8,0.3,4,10.0,10.0,1,3,2,0,0,0,0,0,0,
235,63,8,0.3,4,10.0,10.0,1,1,2,0,0,0,0,0,0,
236,63,8,0.7,4,10.0,10.0,1,3,2,0,0,0,0,0,0,
237,64,16,12.0,4,0.0,0.0,1,1,2,3,4,0,0,0,0,
238,64,16,12.0,4,0.0,0.0,1,1,2,6,7,0,0,0,0,
239,64,16,12.0,4,0.0,0.0,1,1,2,3,5,0,0,0,0,
240,64,16,12.0,4,0.0,0.0,1,1,2,6,8,0,0,0,0,
241,64,16,12.0,4,0.0,0.0,1,1,2,3,4,0,0,0,0,
242,64,16,12.0,4,0.0,0.0,1,1,2,6,7,0,0,0,0,
243,64,16,12.0,4,0.0,0.0,1,1,2,3,5,0,0,0,0,
244,64,16,12.0,4,0.0,0.0,1,1,2,6,8,0,0,0,0,
245,65,4,0.0,4,0.0,0.0,0,1,2,0,0,0,0,0,0,
246,65,4,0.0,4,0.0,0.0,0,2,3,0,0,0,0,0,0,
247,66,53,0.0,4,0.0,0.0,0,2,3,1,0,0,0,0,0,
248,66,53,0.0,4,0.0,0.0,0,5,6,7,0,0,0,0,0,
249,67,53,0.0,4,0.0,0.0,0,2,3,1,0,0,0,0,0,
250,67,53,0.0,4,0.0,0.0,0,5,6,7,0,0,0,0,0,
251,67,53,0.0,4,0.0,0.0,0,10,9,8,0,0,0,0,0,
252,67,53,0.0,4,0.0,0.0,0,12,13,14,0,0,0,0,0,
253,68,49,300000.0,7,0.0,0.0,1,1,5,8,0,0,0,0,0,
254,69,49,600000.0,7,0.0,0.0,1,1,5,8,0,0,0,0,0,
255,70,49,0.0,7,0.0,0.0,0,1,9,12,0,0,0,0,0,
256,71,16,0.0,4,0.0,0.0,0,3,5,1,7,0,0,0,0,"<?xml version=""1.0"" encoding=""utf-16""?>
<R xmlns:xsi=""http://www.w3.org/2001/XMLSchema-instance"" xmlns:xsd=""http://www.w3.org/2001/XMLSchema"">
  <Macros>
    <Macro Name=""RELAIS"">
      <Param Value=""0"" Name=""PowerCoil"" />
      <Param Value=""0"" Name=""ContactMode"" />
    </Macro>
  </Macros>
</R>"
257,71,16,0.0,4,0.0,0.0,0,3,5,1,7,0,0,0,0,"<?xml version=""1.0"" encoding=""utf-16""?>
<R xmlns:xsi=""http://www.w3.org/2001/XMLSchema-instance"" xmlns:xsd=""http://www.w3.org/2001/XMLSchema"">
  <Macros>
    <Macro Name=""RELAIS"">
      <Param Value=""1"" Name=""PowerCoil"" />
      <Param Value=""1"" Name=""ContactMode"" />
    </Macro>
  </Macros>
</R>"
278,79,76,0.0,4,0.0,0.0,0,1,2,3,0,0,0,0,0,
279,79,6,11000.0,3,40.0,40.0,7,2,1,0,0,0,0,0,0,
280,80,76,0.0,4,0.0,0.0,0,1,2,3,0,0,0,0,0,
281,80,6,11000.0,3,40.0,40.0,7,2,1,0,0,0,0,0,0,
282,81,76,0.0,4,0.0,0.0,0,1,2,6,0,0,0,0,0,
283,81,76,0.0,4,0.0,0.0,0,4,5,3,0,0,0,0,0,
284,81,6,49200.0,3,40.0,40.0,7,2,1,0,0,0,0,0,0,
285,81,6,49200.0,3,40.0,40.0,7,5,4,0,0,0,0,0,0,
286,82,76,0.0,4,0.0,0.0,0,1,2,6,0,0,0,0,0,
287,82,76,0.0,4,0.0,0.0,0,4,5,3,0,0,0,0,0,
288,82,6,49200.0,3,40.0,40.0,7,2,1,0,0,0,0,0,0,
289,82,6,49200.0,3,40.0,40.0,7,5,4,0,0,0,0,0,0,
290,83,53,0.0,4,0.0,0.0,0,3,2,1,0,0,0,0,0,
291,83,53,0.0,4,0.0,0.0,0,5,6,7,0,0,0,0,0,
292,83,53,0.0,4,0.0,0.0,0,10,9,8,0,0,0,0,0,
293,83,53,0.0,4,0.0,0.0,0,12,13,14,0,0,0,0,0,
294,84,53,0.0,4,0.0,0.0,0,3,2,1,0,0,0,0,0,
295,84,53,0.0,4,0.0,0.0,0,5,6,7,0,0,0,0,0,
296,85,76,0.0,4,0.0,0.0,0,1,2,3,0,0,0,0,0,
297,85,6,20000.0,3,35.0,35.0,7,2,1,0,0,0,0,0,0,
298,86,14,0.0,4,10.0,10.0,0,7,2,1,0,0,0,0,0,
299,86,14,0.0,4,10.0,10.0,0,5,4,3,0,0,0,0,0,
300,87,76,0.0,2,0.0,0.0,0,1,2,6,0,0,0,0,0,
301,87,76,0.0,2,0.0,0.0,0,5,4,3,0,0,0,0,0,
302,87,6,0.0,2,0.0,0.0,0,2,1,0,0,0,0,0,0,
303,87,6,20000.0,3,10.0,10.0,7,5,4,0,0,0,0,0,0,
304,88,8,1.75,4,8.0,8.0,7,2,1,0,0,0,0,0,0,
305,89,8,1.9,4,10.0,10.0,7,1,4,0,0,0,0,0,0,
306,90,8,1.75,4,8.0,8.0,7,2,1,0,0,0,0,0,0,
307,91,8,1.85,4,8.0,8.0,0,1,4,0,0,0,0,0,0,
308,92,8,1.95,4,7.0,7.0,7,1,3,0,0,0,0,0,0,
309,92,8,1.7,4,7.0,10.0,7,2,4,0,0,0,0,0,0,
310,93,8,1.9,4,10.0,10.0,0,2,1,0,0,0,0,0,0,
311,93,8,1.9,4,10.0,10.0,0,4,3,0,0,0,0,0,0,
312,94,8,1.9,4,8.0,8.0,7,1,4,0,0,0,0,0,0,
313,95,8,2.0,4,8.0,8.0,7,1,5,0,0,0,0,0,0,
314,96,14,0.0,2,0.0,0.0,0,4,5,3,0,0,0,0,0,
315,96,14,0.0,2,0.0,0.0,0,1,2,6,0,0,0,0,0,
316,97,76,0.0,4,0.0,0.0,0,1,2,3,0,0,0,0,0,
317,97,6,57000.0,3,35.0,35.0,7,2,1,0,0,0,0,0,0,
318,98,16,0.0,2,0.0,0.0,0,2,5,1,3,0,0,0,0,
319,98,16,0.0,2,0.0,0.0,0,7,10,6,8,0,0,0,0,
320,99,8,0.5,4,10.0,10.0,7,1,3,0,0,0,0,0,0,
321,100,8,0.5,4,10.0,10.0,7,1,3,0,0,0,0,0,0,
322,100,8,0.5,4,10.0,10.0,7,3,2,0,0,0,0,0,0,
323,101,8,0.5,4,10.0,10.0,7,1,3,0,0,0,0,0,0,
324,101,8,0.5,4,10.0,10.0,7,2,3,0,0,0,0,0,0,
325,102,8,0.5,4,10.0,10.0,7,3,1,0,0,0,0,0,0,
326,102,8,0.5,4,10.0,10.0,7,3,2,0,0,0,0,0,0,
327,103,8,0.0,2,0.0,0.0,0,1,6,0,0,0,0,0,0,
328,103,8,0.0,2,0.0,0.0,0,2,6,0,0,0,0,0,0,
329,103,8,0.0,2,0.0,0.0,0,4,3,0,0,0,0,0,0,
330,103,8,0.0,4,0.0,0.0,0,5,3,0,0,0,0,0,0,
331,104,9,0.0,2,0.0,0.0,0,1,2,6,0,0,0,0,0,
332,104,9,0.0,2,0.0,0.0,0,4,5,3,0,0,0,0,0,
333,105,76,0.0,4,0.0,0.0,0,1,2,6,0,0,0,0,0,
334,105,76,0.0,4,0.0,0.0,0,4,5,3,0,0,0,0,0,
335,105,6,18000.0,3,40.0,40.0,7,2,1,0,0,0,0,0,0,
336,105,6,18000.0,3,40.0,40.0,7,5,4,0,0,0,0,0,0,
337,106,7,0.0,4,0.0,0.0,0,1,8,0,0,0,0,0,0,
338,106,7,0.0,4,0.0,0.0,0,2,7,0,0,0,0,0,0,
339,106,7,0.0,4,0.0,0.0,0,3,6,0,0,0,0,0,0,
340,106,7,0.0,4,0.0,0.0,0,4,5,0,0,0,0,0,0,
341,107,8,1.9,4,10.0,10.0,7,1,4,0,0,0,0,0,0,
342,108,53,0.0,4,0.0,0.0,0,7,6,1,0,0,0,0,0,
343,108,53,0.0,4,0.0,0.0,0,5,4,2,0,0,0,0,0,
344,108,53,0.0,4,0.0,0.0,0,11,10,13,0,0,0,0,0,
345,108,53,0.0,4,0.0,0.0,0,9,8,14,0,0,0,0,0,
346,109,76,0.0,4,0.0,0.0,0,1,2,3,0,0,0,0,0,
347,109,6,20000.0,3,35.0,35.0,7,2,1,0,0,0,0,0,0,
348,110,76,0.0,4,0.0,0.0,0,2,1,3,0,0,0,0,0,
349,110,6,12200.0,3,40.0,40.0,7,2,1,0,0,0,0,0,0,
350,111,88,12.0,3,20.0,20.0,7,1,3,4,8,0,0,0,0,
351,111,91,12.0,3,20.0,20.0,7,1,3,4,8,0,0,0,0,
352,111,89,12.0,3,20.0,20.0,7,1,3,5,8,0,0,0,0,
353,111,90,12.0,3,20.0,20.0,7,1,3,5,8,0,0,0,0,
354,112,89,12.0,3,20.0,20.0,7,2,3,1,5,0,0,0,0,
355,112,90,12.0,3,20.0,20.0,7,2,3,1,5,0,0,0,0,
356,112,88,12.0,3,20.0,20.0,7,2,3,7,5,0,0,0,0,
357,112,91,12.0,3,20.0,20.0,7,2,3,7,5,0,0,0,0,
358,112,89,12.0,3,20.0,20.0,7,2,3,4,8,0,0,0,0,
359,112,90,12.0,3,20.0,20.0,7,2,3,4,8,0,0,0,0,
360,112,88,12.0,3,20.0,20.0,7,2,3,6,8,0,0,0,0,
361,112,91,12.0,3,20.0,20.0,7,2,3,6,8,0,0,0,0,
362,113,89,5.0,3,20.0,20.0,7,1,2,3,4,0,0,0,0,
363,113,90,5.0,3,20.0,20.0,7,1,2,3,4,0,0,0,0,
364,114,92,12.0,3,20.0,20.0,7,1,2,6,5,0,0,0,0,
365,114,92,12.0,3,20.0,20.0,7,1,2,4,5,0,0,0,0,
366,115,43,40.0,4,20.0,20.0,7,1,2,3,4,0,0,0,0,
367,116,88,12.0,3,20.0,20.0,7,1,8,2,3,0,0,0,0,
368,116,91,12.0,3,20.0,20.0,7,1,8,2,3,0,0,0,0,
369,116,89,12.0,3,20.0,20.0,7,1,8,3,4,0,0,0,0,
370,116,90,12.0,3,20.0,20.0,7,1,8,3,4,0,0,0,0,
371,116,88,12.0,3,20.0,20.0,7,1,8,7,6,0,0,0,0,
372,116,91,12.0,3,20.0,20.0,7,1,8,7,6,0,0,0,0,
373,116,89,12.0,3,20.0,20.0,7,1,8,6,5,0,0,0,0,
374,116,90,12.0,3,20.0,20.0,7,1,8,6,5,0,0,0,0,
375,117,88,5.0,4,20.0,20.0,7,1,8,2,3,0,0,0,0,"<?xml version=""1.0"" encoding=""utf-16""?>
<R xmlns:xsi=""http://www.w3.org/2001/XMLSchema-instance"" xmlns:xsd=""http://www.w3.org/2001/XMLSchema"">
  <Macros>
    <Macro Name=""REL_CL_OFF"">
      <Param Value=""0.02"" Name=""CoilCurrent"" />
    </Macro>
  </Macros>
</R>"
376,117,91,5.0,4,20.0,20.0,7,1,8,2,3,0,0,0,0,"<?xml version=""1.0"" encoding=""utf-16""?>
<R xmlns:xsi=""http://www.w3.org/2001/XMLSchema-instance"" xmlns:xsd=""http://www.w3.org/2001/XMLSchema"">
  <Macros>
    <Macro Name=""REL_OP_ON"">
      <Param Value=""0.02"" Name=""CoilCurrent"" />
    </Macro>
  </Macros>
</R>"
377,117,89,5.0,4,20.0,20.0,7,1,8,3,4,0,0,0,0,"<?xml version=""1.0"" encoding=""utf-16""?>
<R xmlns:xsi=""http://www.w3.org/2001/XMLSchema-instance"" xmlns:xsd=""http://www.w3.org/2001/XMLSchema"">
  <Macros>
    <Macro Name=""REL_OP_OFF"">
      <Param Value=""0.02"" Name=""CoilCurrent"" />
    </Macro>
  </Macros>
</R>"
378,117,90,5.0,4,20.0,20.0,7,1,8,3,4,0,0,0,0,"<?xml version=""1.0"" encoding=""utf-16""?>
<R xmlns:xsi=""http://www.w3.org/2001/XMLSchema-instance"" xmlns:xsd=""http://www.w3.org/2001/XMLSchema"">
  <Macros>
    <Macro Name=""REL_CL_ON"">
      <Param Value=""0.02"" Name=""CoilCurrent"" />
    </Macro>
  </Macros>
</R>"
379,117,88,5.0,4,20.0,20.0,7,1,8,7,6,0,0,0,0,"<?xml version=""1.0"" encoding=""utf-16""?>
<R xmlns:xsi=""http://www.w3.org/2001/XMLSchema-instance"" xmlns:xsd=""http://www.w3.org/2001/XMLSchema"">
  <Macros>
    <Macro Name=""REL_CL_OFF"">
      <Param Value=""0.02"" Name=""CoilCurrent"" />
    </Macro>
  </Macros>
</R>"
380,117,91,5.0,4,20.0,20.0,7,1,8,7,6,0,0,0,0,"<?xml version=""1.0"" encoding=""utf-16""?>
<R xmlns:xsi=""http://www.w3.org/2001/XMLSchema-instance"" xmlns:xsd=""http://www.w3.org/2001/XMLSchema"">
  <Macros>
    <Macro Name=""REL_OP_ON"">
      <Param Value=""0.02"" Name=""CoilCurrent"" />
    </Macro>
  </Macros>
</R>"
381,117,89,5.0,4,20.0,20.0,7,1,8,6,5,0,0,0,0,"<?xml version=""1.0"" encoding=""utf-16""?>
<R xmlns:xsi=""http://www.w3.org/2001/XMLSchema-instance"" xmlns:xsd=""http://www.w3.org/2001/XMLSchema"">
  <Macros>
    <Macro Name=""REL_OP_OFF"">
      <Param Value=""0.02"" Name=""CoilCurrent"" />
    </Macro>
  </Macros>
</R>"
382,117,90,5.0,4,20.0,20.0,7,1,8,6,5,0,0,0,0,"<?xml version=""1.0"" encoding=""utf-16""?>
<R xmlns:xsi=""http://www.w3.org/2001/XMLSchema-instance"" xmlns:xsd=""http://www.w3.org/2001/XMLSchema"">
  <Macros>
    <Macro Name=""REL_CL_ON"">
      <Param Value=""0.02"" Name=""CoilCurrent"" />
    </Macro>
  </Macros>
</R>"
383,118,88,0.0,1,0.0,0.0,0,1,2,4,6,0,0,0,0,
384,118,90,0.0,1,0.0,0.0,0,1,2,4,5,0,0,0,0,
385,118,89,0.0,1,0.0,0.0,0,1,2,4,5,0,0,0,0,
386,118,91,0.0,1,0.0,0.0,0,1,2,4,6,0,0,0,0,
