IDMacroLine,IDLabMacro,IDToolMethod,KindRetValue,IDRetValue,LineNumber,Level,Commented,ElementIdx
576929,65,3500,-1,0,1,0,0,-1
576930,65,4200,-1,0,2,1,0,-1
576931,65,4631,-1,0,3,1,0,-1
576932,65,4200,-1,0,4,1,0,-1
576933,65,2400,-1,0,5,1,0,-1
576934,65,2401,-1,0,6,1,0,-1
576935,65,3700,3,8,7,1,0,0
576936,65,3700,3,9,8,1,0,0
576937,65,2402,1,312,9,1,0,-1
576938,65,4200,-1,0,10,1,0,-1
576939,65,2400,-1,0,11,1,0,-1
576940,65,2401,-1,0,12,1,0,-1
576941,65,4637,1,312,13,1,0,-1
576942,65,1501,-1,0,14,0,0,-1
576943,65,1502,-1,0,15,0,0,-1
576944,58,4637,1,262,1,0,0,-1
576945,55,3700,3,5,1,0,0,-1
576946,55,3700,3,6,2,0,0,-1
576947,55,3700,3,7,3,0,0,-1
576948,55,3700,3,11,4,0,0,-1
576949,55,4500,1,210,5,0,0,-1
576950,55,4500,1,211,6,0,0,-1
576951,55,3500,-1,0,7,0,0,-1
576952,55,3700,3,8,8,1,0,-1
576953,55,3700,3,9,9,1,0,-1
576954,55,3700,3,17,10,1,0,-1
576955,55,3600,-1,0,11,0,0,-1
576956,55,3700,3,8,12,1,0,-1
576957,55,3700,3,9,13,1,0,-1
576958,55,3700,3,17,14,1,0,-1
576959,55,3700,3,28,15,0,0,-1
576960,55,3700,3,27,16,0,0,-1
576961,55,3500,-1,0,17,0,0,-1
576962,55,3700,3,14,18,1,0,-1
576963,55,3600,-1,0,19,0,0,-1
576964,55,3700,3,14,20,1,0,-1
576965,55,3500,-1,0,21,0,0,-1
576966,55,3700,3,12,22,1,0,-1
576967,55,3600,-1,0,23,0,0,-1
576968,55,3700,3,12,24,1,0,-1
576969,55,3500,-1,0,25,0,0,-1
576970,55,3700,3,13,26,1,0,-1
576971,55,3600,-1,0,27,0,0,-1
576972,55,3700,3,13,28,1,0,-1
576973,55,3500,-1,0,29,0,0,-1
576974,55,3700,3,10,30,1,0,-1
576975,55,3600,-1,0,31,0,0,-1
576976,55,3700,3,10,32,1,0,-1
576977,55,3500,-1,0,33,0,1,-1
576978,55,3700,3,10,34,1,1,-1
576979,55,3600,-1,0,35,0,1,-1
576980,55,3700,3,10,36,1,1,-1
576981,55,3500,-1,0,37,0,0,-1
576982,55,3500,-1,0,38,1,0,-1
576983,55,3700,2,203,39,2,0,-1
576984,55,4000,-1,0,40,1,0,-1
576985,55,3700,2,203,41,2,0,-1
576986,55,3600,-1,0,42,1,0,-1
576987,55,3700,2,203,43,2,0,-1
576988,55,3500,-1,0,44,0,0,-1
576989,55,4200,-1,0,45,1,1,-1
576990,55,4000,-1,0,46,0,0,-1
576991,55,4300,-1,0,47,1,0,-1
576992,55,4000,-1,0,48,0,0,-1
576993,55,3500,-1,0,49,1,0,-1
576994,55,3700,3,12,50,2,0,-1
576995,55,3600,-1,0,51,1,0,-1
576996,55,3700,3,12,52,2,0,-1
576997,55,4300,-1,0,53,1,0,-1
576998,55,3600,-1,0,54,0,0,-1
576999,55,2804,-1,0,55,1,0,-1
577000,59,4633,-1,0,1,0,0,-1
577001,73,3500,-1,0,1,0,0,-1
577002,73,3700,3,20,2,1,0,-1
577003,73,4000,-1,0,3,0,0,-1
577004,73,3700,3,20,4,1,0,-1
577005,73,4000,-1,0,5,0,0,-1
577006,73,3700,3,20,6,1,0,-1
577007,73,3600,-1,0,7,0,0,-1
577008,73,2804,-1,0,8,1,0,-1
577009,73,3700,3,20,9,1,0,-1
577010,73,3700,3,11,10,0,0,-1
577011,73,3700,3,14,11,0,0,-1
577012,73,3700,3,8,12,0,0,-1
577013,73,3700,3,12,13,0,0,-1
577014,73,3700,3,13,14,0,0,-1
577015,73,3700,3,9,15,0,0,-1
577016,73,4300,1,361,16,0,0,-1
577017,29,1500,-1,0,1,0,0,-1
577018,29,1501,-1,0,2,0,0,-1
577019,29,1502,-1,0,3,0,0,-1
577020,136,5801,-1,0,1,0,0,-1
577021,30,1500,-1,0,1,0,0,-1
577022,30,1501,-1,0,2,0,0,-1
577023,30,1502,-1,0,3,0,0,-1
577024,137,1500,-1,0,1,0,0,-1
577025,137,4101,-1,0,2,0,0,-1
577026,91,1500,-1,0,1,0,0,-1
577027,39,4634,-1,0,1,0,0,-1
577028,74,3700,3,11,1,0,0,-1
577029,74,3700,3,14,2,0,0,-1
577030,74,3700,3,8,3,0,0,-1
577031,74,3500,-1,0,4,0,0,-1
577032,74,3700,3,249,5,1,0,-1
577033,74,4000,-1,0,6,0,0,-1
577034,74,3700,3,249,7,1,0,-1
577035,74,3600,-1,0,8,0,0,-1
577036,74,3700,3,249,9,1,0,-1
577037,74,3500,-1,0,10,0,0,-1
577038,74,3700,3,248,11,1,0,-1
577039,74,4000,-1,0,12,0,0,-1
577040,74,3700,3,248,13,1,0,-1
577041,74,4000,-1,0,14,0,0,-1
577042,74,3700,3,248,15,1,0,-1
577043,74,3600,-1,0,16,0,0,-1
577044,74,2804,-1,0,17,1,0,-1
577045,74,3700,3,248,18,1,0,-1
577046,74,4629,1,368,19,0,0,-1
577047,74,3500,-1,0,20,0,0,-1
577048,74,3700,3,9,21,1,0,-1
577049,74,3600,-1,0,22,0,0,-1
577050,74,3700,3,9,23,1,0,-1
577051,74,3700,3,12,24,0,0,-1
577052,74,3700,3,13,25,0,0,-1
577053,74,4300,1,367,26,0,0,-1
577054,32,3700,3,11,1,0,0,-1
577055,32,3700,3,8,2,0,0,-1
577056,32,3700,3,9,3,0,0,-1
577057,32,3500,-1,0,4,0,0,-1
577058,32,3700,3,14,5,1,0,-1
577059,32,3600,-1,0,6,0,0,-1
577060,32,3700,3,14,7,1,0,-1
577061,32,3500,-1,0,8,0,0,-1
577062,32,3700,3,12,9,1,0,-1
577063,32,3600,-1,0,10,0,0,-1
577064,32,3700,3,12,11,1,0,-1
577065,32,3500,-1,0,12,0,0,-1
577066,32,3700,3,13,13,1,0,-1
577067,32,3600,-1,0,14,0,0,-1
577068,32,3700,3,13,15,1,0,-1
577069,32,3500,-1,0,16,0,0,-1
577070,32,4300,-1,0,17,1,0,-1
577071,32,3600,-1,0,18,0,0,-1
577072,32,4300,-1,0,19,1,0,-1
577073,44,1500,-1,0,1,0,0,-1
577074,44,1501,-1,0,2,0,0,-1
577075,44,1502,-1,0,3,0,0,-1
577076,90,1500,-1,0,1,0,0,-1
577077,90,1501,-1,0,2,0,0,-1
577078,90,1502,-1,0,3,0,0,-1
577079,45,1500,-1,0,1,0,0,-1
577080,45,1501,-1,0,2,0,0,-1
577081,45,1502,-1,0,3,0,0,-1
577082,33,3700,3,5,1,0,0,-1
577083,33,3700,3,6,2,0,0,-1
577084,33,3700,3,7,3,0,0,-1
577085,33,3700,3,11,4,0,0,-1
577086,33,4621,3,24,5,0,0,-1
577087,33,4500,1,148,6,0,0,-1
577088,33,4500,1,149,7,0,0,-1
577089,33,3500,-1,0,8,0,0,-1
577090,33,3700,3,8,9,1,0,-1
577091,33,3700,3,9,10,1,0,-1
577092,33,3700,3,17,11,1,0,-1
577093,33,3600,-1,0,12,0,0,-1
577094,33,3700,3,8,13,1,0,-1
577095,33,3700,3,9,14,1,0,-1
577096,33,3700,3,17,15,1,0,-1
577097,33,3700,3,18,16,0,0,-1
577098,33,3500,-1,0,17,0,0,-1
577099,33,3700,3,14,18,1,0,-1
577100,33,3600,-1,0,19,0,0,-1
577101,33,3700,3,14,20,1,0,-1
577102,33,3500,-1,0,21,0,0,-1
577103,33,3700,3,12,22,1,0,-1
577104,33,3600,-1,0,23,0,0,-1
577105,33,3700,3,12,24,1,0,-1
577106,33,3500,-1,0,25,0,0,-1
577107,33,3700,3,13,26,1,0,-1
577108,33,3600,-1,0,27,0,0,-1
577109,33,3700,3,13,28,1,0,-1
577110,33,3500,-1,0,29,0,0,-1
577111,33,3700,3,10,30,1,0,-1
577112,33,3600,-1,0,31,0,0,-1
577113,33,3700,3,10,32,1,0,-1
577114,33,3500,-1,0,33,0,1,-1
577115,33,3700,3,10,34,1,1,-1
577116,33,3600,-1,0,35,0,1,-1
577117,33,3700,3,10,36,1,1,-1
577118,33,3500,-1,0,37,0,0,-1
577119,33,3500,-1,0,38,1,0,-1
577120,33,3700,2,163,39,2,0,-1
577121,33,4000,-1,0,40,1,0,-1
577122,33,3700,2,163,41,2,0,-1
577123,33,4000,-1,0,42,1,0,-1
577124,33,3700,2,163,43,2,0,-1
577125,33,4000,-1,0,44,1,0,-1
577126,33,4200,-1,0,45,2,1,-1
577127,33,3700,2,163,46,2,0,-1
577128,33,3600,-1,0,47,1,0,-1
577129,33,3700,2,163,48,2,0,-1
577130,33,3500,-1,0,49,0,0,-1
577131,33,4300,-1,0,50,1,0,-1
577132,33,4000,-1,0,51,0,0,-1
577133,33,4200,-1,0,52,1,1,-1
577134,33,4000,-1,0,53,0,0,-1
577135,33,4200,-1,0,54,1,1,-1
577136,33,3700,3,15,55,1,0,-1
577137,33,4300,-1,0,56,1,0,-1
577138,33,4000,-1,0,57,0,0,-1
577139,33,4300,-1,0,58,1,0,-1
577140,33,4000,-1,0,59,0,0,-1
577141,33,3700,3,15,60,1,0,-1
577142,33,4300,-1,0,61,1,0,-1
577143,33,4000,-1,0,62,0,0,-1
577144,33,4200,-1,0,63,1,1,-1
577145,33,3700,3,15,64,1,0,-1
577146,33,4300,-1,0,65,1,0,-1
577147,33,4000,-1,0,66,0,0,-1
577148,33,3700,3,8,67,1,0,-1
577149,33,3700,3,9,68,1,0,-1
577150,33,3700,3,25,69,1,0,-1
577151,33,3700,3,26,70,1,0,-1
577152,33,3700,3,17,71,1,0,-1
577153,33,4300,-1,0,72,1,0,-1
577154,33,3600,-1,0,73,0,0,-1
577155,33,2804,-1,0,74,1,0,-1
577158,72,4632,-1,0,1,0,0,-1
577162,106,4648,-1,0,1,0,0,-1
577168,46,1500,-1,0,1,0,0,-1
577169,46,1501,-1,0,2,0,0,-1
577170,46,1502,-1,0,3,0,0,-1
577171,37,1500,-1,0,1,0,0,-1
577172,37,1501,-1,0,2,0,0,-1
577173,37,1502,-1,0,3,0,0,-1
577174,47,1500,-1,0,1,0,0,-1
577175,47,1501,-1,0,2,0,0,-1
577176,47,1502,-1,0,3,0,0,-1
577177,152,4101,-1,0,1,0,0,-1
577178,152,1500,-1,0,2,0,1,-1
577179,152,1501,-1,0,3,0,1,-1
577180,152,1502,-1,0,4,0,1,-1
577181,150,5701,-1,0,1,0,0,-1
577182,56,4602,1,313,1,0,0,-1
577183,56,3500,-1,0,2,0,0,-1
577184,56,2400,-1,0,3,1,0,-1
577185,56,4200,-1,0,4,0,1,-1
577186,56,4100,-1,0,5,0,0,-1
577187,56,4101,-1,0,6,0,0,-1
577188,56,1500,-1,0,7,0,0,-1
577189,56,1501,-1,0,8,0,0,-1
577190,56,1502,-1,0,9,0,0,-1
577191,146,3500,-1,0,1,0,0,-1
577192,146,4200,-1,0,2,1,1,-1
577193,146,4631,-1,0,3,1,0,-1
577194,146,4200,-1,0,4,1,1,-1
577197,146,3700,3,8,7,1,0,0
577198,146,3700,3,9,8,1,0,0
577200,146,4200,-1,0,10,1,1,-1
577204,146,11001,1,637,13,1,0,-1
577205,146,1501,-1,0,14,0,0,-1
577206,146,1502,-1,0,15,0,0,-1
577207,66,4200,-1,0,1,0,1,-1
577208,66,4631,-1,0,2,0,0,-1
577209,66,3700,3,245,3,0,0,-1
577210,66,1501,-1,0,4,0,0,-1
577211,66,1502,-1,0,5,0,0,-1
577212,63,4200,-1,0,1,0,1,-1
577213,63,4631,-1,0,2,0,0,-1
577214,63,4200,-1,0,3,0,1,-1
577215,63,4631,-1,0,4,0,0,-1
577216,63,1501,-1,0,5,0,0,-1
577217,63,1502,-1,0,6,0,0,-1
577218,60,4200,-1,0,1,0,1,-1
577219,60,4631,-1,0,2,0,0,-1
577220,60,4200,-1,0,3,0,1,-1
577221,60,2400,-1,0,4,0,0,-1
577222,60,4200,-1,0,5,0,1,-1
577223,60,4631,-1,0,6,0,0,-1
577224,60,1501,-1,0,7,0,0,-1
577225,60,1502,-1,0,8,0,0,-1
577227,145,11001,1,632,1,0,0,-1
577228,75,4200,-1,0,1,0,1,-1
577229,75,4631,-1,0,2,0,0,-1
577230,75,4200,-1,0,3,0,1,-1
577231,75,1500,-1,0,4,0,0,-1
577232,75,1501,-1,0,5,0,0,-1
577233,75,2402,1,373,6,0,0,-1
577234,75,1502,-1,0,7,0,0,-1
577235,75,4200,-1,0,8,0,1,-1
577236,75,4631,-1,0,9,0,0,-1
577237,75,2400,-1,0,10,0,0,-1
577238,102,4604,1,461,1,0,1,-1
577239,102,4101,-1,0,2,0,0,-1
577240,102,3500,-1,0,3,0,1,-1
577241,102,4101,-1,0,4,1,1,-1
577242,102,3600,-1,0,5,0,1,-1
577243,102,4101,-1,0,6,1,1,-1
577244,102,3500,-1,0,7,0,0,-1
577245,102,4200,-1,0,8,1,1,-1
577246,102,3700,3,5,9,1,0,-1
577247,102,3700,3,267,10,1,0,-1
577248,102,3700,3,268,11,1,0,-1
577249,102,3700,3,269,12,1,0,-1
577250,102,3700,3,270,13,1,0,-1
577251,102,4200,-1,0,14,1,1,-1
577252,102,3700,3,8,15,1,0,0
577253,102,3700,3,9,16,1,0,0
577254,102,4200,-1,0,17,1,1,-1
577255,102,3500,-1,0,18,1,0,-1
577256,102,8900,-1,0,19,2,0,-1
577257,102,8901,-1,0,20,2,0,-1
577258,102,8902,3,243,21,2,0,-1
577259,102,4200,-1,0,22,2,1,-1
577260,102,8900,-1,0,23,2,0,-1
577261,102,8901,-1,0,24,2,0,-1
577262,102,8902,3,243,25,2,0,-1
577263,102,4200,-1,0,26,2,1,-1
577264,102,8900,-1,0,27,2,0,-1
577265,102,8901,-1,0,28,2,0,-1
577266,102,3600,-1,0,29,1,0,-1
577267,102,2400,-1,0,30,2,0,-1
577268,102,2401,-1,0,31,2,0,-1
577269,102,2402,3,243,32,2,0,-1
577270,102,4200,-1,0,33,2,1,-1
577271,102,2400,-1,0,34,2,0,-1
577272,102,2401,-1,0,35,2,0,-1
577273,102,2402,3,243,36,2,0,-1
577274,102,4200,-1,0,37,2,1,-1
577275,102,2400,-1,0,38,2,0,-1
577276,102,2401,-1,0,39,2,0,-1
577277,102,4200,-1,0,40,0,1,-1
577278,102,4631,-1,0,41,0,0,-1
577279,102,4200,-1,0,42,0,1,-1
577280,102,1500,-1,0,43,0,0,-1
577281,102,1501,-1,0,44,0,0,-1
577282,102,3700,3,9,45,0,0,0
577283,102,3500,-1,0,46,0,0,-1
577284,102,8902,3,243,47,1,0,-1
577285,102,3600,-1,0,48,0,0,-1
577286,102,2402,3,243,49,1,0,-1
577287,102,4200,-1,0,50,0,1,-1
577288,102,4101,-1,0,51,0,1,-1
577289,102,4200,-1,0,52,0,1,-1
577290,102,3500,-1,0,53,0,1,-1
577291,102,3500,-1,0,54,0,1,-1
577292,102,3500,-1,0,55,0,0,-1
577293,102,3700,3,5,56,1,0,-1
577294,102,3700,3,270,57,1,0,-1
577295,102,3700,3,269,58,1,0,-1
577296,102,3700,3,268,59,1,0,-1
577297,102,3700,3,267,60,1,0,-1
577298,102,3700,3,243,61,1,0,-1
577299,102,1502,-1,0,62,0,0,-1
577300,102,3500,-1,0,63,0,0,-1
577301,102,8900,-1,0,64,1,0,-1
577302,102,3600,-1,0,65,0,0,-1
577303,102,2400,-1,0,66,1,0,-1
577304,102,4200,-1,0,67,0,1,-1
577305,102,4631,-1,0,68,0,0,-1
577306,79,5101,-1,0,1,0,0,-1
577307,149,4637,1,632,1,0,1,-1
577308,149,11001,1,647,2,0,0,-1
577309,43,1500,-1,0,1,0,0,-1
577310,43,1501,-1,0,2,0,0,-1
577311,43,1502,-1,0,3,0,0,-1
577312,84,4636,-1,0,1,0,0,-1
577313,114,4636,-1,0,1,0,0,-1
577314,132,4636,-1,0,1,0,0,-1
577315,28,1500,-1,0,1,0,0,-1
577316,28,1501,-1,0,2,0,0,-1
577317,28,1502,-1,0,3,0,0,-1
577318,141,8601,-1,0,1,0,0,-1
577319,85,5501,-1,0,1,0,0,-1
577320,128,4636,-1,0,1,0,0,-1
577321,165,4636,-1,0,1,0,0,-1
577322,83,5701,-1,0,1,0,0,-1
577323,134,5701,-1,0,1,0,0,-1
577324,135,5701,-1,0,1,0,0,-1
577325,105,5701,-1,0,1,0,0,-1
577326,101,5801,-1,0,1,0,0,-1
577327,57,1501,-1,0,1,0,0,-1
577328,57,1502,-1,0,2,0,0,-1
577329,57,1500,-1,0,3,0,1,-1
577330,69,4604,1,461,1,0,1,-1
577331,69,3700,3,243,2,0,0,-1
577332,69,4101,-1,0,3,0,0,-1
577333,69,3500,-1,0,4,0,1,-1
577334,69,4101,-1,0,5,1,1,-1
577335,69,3600,-1,0,6,0,1,-1
577336,69,4101,-1,0,7,1,1,-1
577337,69,3500,-1,0,8,0,0,-1
577338,69,3700,3,8,9,1,0,0
577339,69,3700,3,9,10,1,0,0
577340,69,3500,-1,0,11,1,0,-1
577341,69,4200,-1,0,12,2,1,-1
577342,69,8900,-1,0,13,2,0,-1
577343,69,8901,-1,0,14,2,0,-1
577344,69,8902,3,243,15,2,0,-1
577345,69,4200,-1,0,16,2,1,-1
577346,69,8900,-1,0,17,2,0,-1
577347,69,8901,-1,0,18,2,0,-1
577348,69,3600,-1,0,19,1,0,-1
577349,69,4200,-1,0,20,2,1,-1
577350,69,2400,-1,0,21,2,0,-1
577351,69,2401,-1,0,22,2,0,-1
577352,69,2402,3,243,23,2,0,-1
577353,69,4200,-1,0,24,2,1,-1
577354,69,2400,-1,0,25,2,0,-1
577355,69,2401,-1,0,26,2,0,-1
577356,69,3600,-1,0,27,0,0,-1
577357,69,3500,-1,0,28,1,0,-1
577358,69,4200,-1,0,29,2,1,-1
577359,69,4100,-1,0,30,2,0,-1
577360,69,4101,-1,0,31,2,0,-1
577361,69,3600,-1,0,32,1,0,-1
577362,69,4200,-1,0,33,2,1,-1
577363,69,4100,-1,0,34,2,0,-1
577364,69,4101,-1,0,35,2,0,-1
577365,81,11101,-1,0,1,0,0,-1
577367,107,4101,-1,0,1,0,0,-1
577371,108,4101,-1,0,1,0,0,-1
577375,148,4101,-1,0,1,0,0,-1
577378,96,3700,1,504,1,0,0,-1
577379,96,3500,-1,0,2,0,0,-1
577380,96,3700,1,504,3,1,0,-1
577381,96,4000,-1,0,4,0,0,-1
577382,96,3700,1,504,5,1,0,-1
577383,96,5701,-1,0,6,0,0,-1
577384,112,4636,-1,0,1,0,0,-1
577386,162,4636,-1,0,1,0,0,-1
577387,161,4636,-1,0,1,0,0,-1
577388,160,4636,-1,0,1,0,0,-1
577389,159,4636,-1,0,1,0,0,-1
577390,155,4636,-1,0,1,0,0,-1
577391,80,5201,-1,0,1,0,0,-1
577392,86,5601,-1,0,1,0,0,-1
577393,100,11201,-1,0,1,0,0,-1
577394,92,4615,1,604,1,0,0,-1
577395,92,4616,1,605,2,0,0,-1
577396,92,3500,-1,0,3,0,0,-1
577397,92,5501,1,583,4,1,0,-1
577398,92,3500,-1,0,5,1,0,-1
577399,92,3700,2,523,6,2,0,-1
577400,92,4650,-1,0,7,2,0,-1
577401,92,3600,-1,0,8,1,0,-1
577402,92,5601,1,583,9,2,0,-1
577403,92,3500,-1,0,10,2,0,-1
577404,92,3700,2,523,11,3,0,-1
577405,92,4650,-1,0,12,3,0,-1
577406,92,4000,-1,0,13,0,0,-1
577407,92,5501,1,583,14,1,0,-1
577408,92,3500,-1,0,15,1,0,-1
577409,92,3700,2,523,16,2,0,-1
577410,92,4650,-1,0,17,2,0,-1
577411,92,3600,-1,0,18,1,0,-1
577412,92,5601,1,583,19,2,0,-1
577413,92,3500,-1,0,20,2,0,-1
577414,92,3700,2,523,21,3,0,-1
577415,92,4650,-1,0,22,3,0,-1
577416,92,3600,-1,0,23,0,0,-1
577417,92,3500,-1,0,24,1,0,-1
577418,92,5501,-1,0,25,2,0,-1
577419,92,4000,-1,0,26,1,0,-1
577420,92,5601,-1,0,27,2,0,-1
577421,154,4636,-1,0,1,0,0,-1
577422,153,4101,-1,0,1,0,0,-1
577423,153,1500,-1,0,2,0,1,-1
577424,153,1501,-1,0,3,0,1,-1
577425,153,1502,-1,0,4,0,1,-1
577426,97,1500,-1,0,1,0,0,-1
577427,97,1501,-1,0,2,0,0,-1
577428,97,1502,-1,0,3,0,0,-1
577429,156,4636,-1,0,1,0,0,-1
577430,133,4636,-1,0,1,0,0,-1
577431,129,4636,-1,0,1,0,0,-1
577432,88,8501,-1,0,1,0,0,-1
577433,111,1500,-1,0,1,0,0,-1
577434,111,1501,-1,0,2,0,0,-1
577435,111,1502,-1,0,3,0,0,-1
577436,116,4636,-1,0,1,0,0,-1
577438,131,4636,-1,0,1,0,0,-1
577439,151,4636,-1,0,1,0,0,-1
577440,93,4636,-1,0,1,0,0,-1
577441,163,4636,-1,0,1,0,0,-1
577442,78,5001,-1,0,1,0,0,-1
577443,119,4636,-1,0,1,0,0,-1
577444,121,4636,-1,0,1,0,0,-1
577445,117,4636,-1,0,1,0,0,-1
577446,120,4636,-1,0,1,0,0,-1
577447,157,4636,-1,0,1,0,0,-1
577448,142,8701,-1,0,1,0,0,-1
577449,34,1500,-1,0,1,0,0,-1
577450,34,1501,-1,0,2,0,0,-1
577451,34,1502,-1,0,3,0,0,-1
577452,34,4400,-1,0,4,0,0,-1
577453,48,3500,-1,0,5,0,0,-1
577454,48,3700,1,147,6,1,0,-1
577455,48,3600,-1,0,7,0,0,-1
577456,48,3700,1,147,8,1,0,-1
577457,48,3500,-1,0,9,0,0,-1
577458,48,3700,1,147,10,1,0,-1
577459,48,3700,1,130,11,0,0,-1
577460,48,3500,-1,0,12,0,0,-1
577461,48,3700,1,130,13,1,0,-1
577462,48,3700,1,135,14,0,0,-1
577463,48,3700,1,131,15,0,0,-1
577464,48,3500,-1,0,16,0,0,-1
577465,48,3700,1,131,17,1,0,-1
577466,48,4000,-1,0,18,0,0,-1
577467,48,3700,1,131,19,1,0,-1
577468,48,3500,-1,0,20,0,1,-1
577469,48,3700,1,133,21,1,1,-1
577470,48,3600,-1,0,22,0,1,-1
577471,48,3700,1,133,23,1,1,-1
577472,48,3500,-1,0,24,0,1,-1
577473,48,3700,1,134,25,1,1,-1
577474,48,3600,-1,0,26,0,1,-1
577475,48,3700,1,134,27,1,1,-1
577476,48,3700,1,133,28,0,0,-1
577477,48,3700,1,134,29,0,0,-1
577478,48,1500,-1,0,30,0,0,-1
577479,48,1400,-1,0,31,0,0,-1
577480,48,1300,-1,0,32,0,0,-1
577481,48,400,-1,0,33,0,0,-1
577482,48,100,-1,0,34,0,0,-1
577483,48,3500,-1,0,35,0,0,-1
577484,48,1501,-1,0,36,1,0,-1
577485,48,3600,-1,0,37,0,0,-1
577486,48,1501,-1,0,38,1,1,-1
577487,48,1501,-1,0,39,1,0,-1
577488,48,401,-1,0,40,0,0,-1
577489,48,1401,-1,0,41,0,0,-1
577490,48,1301,-1,0,42,0,0,-1
577491,48,101,-1,0,43,0,0,-1
577492,48,102,1,138,44,0,0,-1
577493,48,3500,-1,0,45,0,0,-1
577494,48,102,1,145,46,1,0,-1
577495,48,3700,1,138,47,1,0,-1
577496,48,3700,1,138,48,0,1,-1
577497,48,3700,1,138,49,0,0,-1
577498,48,3500,-1,0,50,0,0,-1
577499,48,3700,1,138,51,1,0,-1
577500,48,3600,-1,0,52,0,0,-1
577501,48,3700,1,138,53,1,0,-1
577502,48,3500,-1,0,54,0,0,-1
577503,48,1501,-1,0,55,1,1,-1
577504,48,1501,-1,0,56,1,0,-1
577505,48,1502,-1,0,57,0,0,-1
577506,48,4400,-1,0,58,0,0,-1
577507,49,3500,-1,0,59,0,0,-1
577508,49,3700,1,147,60,1,0,-1
577509,49,3600,-1,0,61,0,0,-1
577510,49,3700,1,147,62,1,0,-1
577511,49,3500,-1,0,63,0,0,-1
577512,49,3700,1,147,64,1,0,-1
577513,49,3700,1,130,65,0,0,-1
577514,49,3700,1,135,66,0,0,-1
577515,49,3500,-1,0,67,0,0,-1
577516,49,3700,1,130,68,1,0,-1
577517,49,3700,1,135,69,1,0,-1
577518,49,3700,1,131,70,0,0,-1
577519,49,3500,-1,0,71,0,0,-1
577520,49,3700,1,131,72,1,0,-1
577521,49,4000,-1,0,73,0,0,-1
577522,49,3700,1,131,74,1,0,-1
577523,49,3500,-1,0,75,0,1,-1
577524,49,3700,1,133,76,1,1,-1
577525,49,3600,-1,0,77,0,1,-1
577526,49,3700,1,133,78,1,1,-1
577527,49,3500,-1,0,79,0,1,-1
577528,49,3700,1,134,80,1,1,-1
577529,49,3600,-1,0,81,0,1,-1
577530,49,3700,1,134,82,1,1,-1
577531,49,3700,1,133,83,0,0,-1
577532,49,3700,1,134,84,0,0,-1
577533,49,1500,-1,0,85,0,0,-1
577534,49,1400,-1,0,86,0,0,-1
577535,49,1300,-1,0,87,0,0,-1
577536,49,400,-1,0,88,0,0,-1
577537,49,100,-1,0,89,0,0,-1
577538,49,3500,-1,0,90,0,0,-1
577539,49,1501,-1,0,91,1,0,-1
577540,49,3600,-1,0,92,0,0,-1
577541,49,1501,-1,0,93,1,1,-1
577542,49,1501,-1,0,94,1,0,-1
577543,49,1501,-1,0,95,0,1,-1
577544,49,401,-1,0,96,0,0,-1
577545,49,1401,-1,0,97,0,0,-1
577546,49,101,-1,0,98,0,0,-1
577547,49,102,1,145,99,0,0,-1
577548,49,102,1,146,100,0,0,-1
577549,49,3700,1,138,101,0,0,-1
577550,49,3500,-1,0,102,0,0,-1
577551,49,3700,1,138,103,1,0,-1
577552,49,3600,-1,0,104,0,0,-1
577553,49,3700,1,138,105,1,0,-1
577554,49,3500,-1,0,106,0,0,-1
577555,49,1501,-1,0,107,1,1,-1
577556,49,1501,-1,0,108,1,0,-1
577557,49,1502,-1,0,109,0,0,-1
577558,49,4400,-1,0,110,0,0,-1
577559,50,3500,-1,0,111,0,0,-1
577560,50,3700,1,147,112,1,0,-1
577561,50,3600,-1,0,113,0,0,-1
577562,50,3700,1,147,114,1,0,-1
577563,50,3500,-1,0,115,0,0,-1
577564,50,3700,1,147,116,1,0,-1
577565,50,3700,1,130,117,0,1,-1
577566,50,3700,1,130,118,0,0,-1
577567,50,3700,1,131,119,0,0,-1
577568,50,3700,1,135,120,0,1,-1
577569,50,3700,1,135,121,0,0,-1
577570,50,3700,1,133,122,0,0,-1
577571,50,3700,1,134,123,0,1,-1
577572,50,3700,1,134,124,0,0,-1
577573,50,1500,-1,0,125,0,0,-1
577574,50,1400,-1,0,126,0,0,-1
577575,50,1300,-1,0,127,0,0,-1
577576,50,400,-1,0,128,0,0,-1
577577,50,100,-1,0,129,0,0,-1
577578,50,3500,-1,0,130,0,0,-1
577579,50,1501,-1,0,131,1,0,-1
577580,50,3600,-1,0,132,0,0,-1
577581,50,1501,-1,0,133,1,0,-1
577582,50,1501,-1,0,134,0,1,-1
577583,50,401,-1,0,135,0,0,-1
577584,50,1401,-1,0,136,0,0,-1
577585,50,101,-1,0,137,0,0,-1
577586,50,102,1,138,138,0,0,-1
577587,50,3500,-1,0,139,0,0,-1
577588,50,1501,-1,0,140,1,0,-1
577589,50,3500,-1,0,141,0,0,-1
577590,50,3700,1,138,142,1,0,-1
577591,50,1502,-1,0,143,0,0,-1
577592,50,4200,-1,0,144,0,1,-1
577593,50,3700,1,250,145,0,0,-1
577594,50,3500,-1,0,146,0,0,-1
577595,50,3700,1,250,147,1,0,-1
577596,50,3500,-1,0,148,0,0,-1
577597,50,3700,1,250,149,1,0,-1
577598,50,4400,-1,0,150,0,0,-1
577599,51,3500,-1,0,151,0,0,-1
577600,51,3700,1,147,152,1,0,-1
577601,51,3600,-1,0,153,0,0,-1
577602,51,3700,1,147,154,1,0,-1
577603,51,3500,-1,0,155,0,0,-1
577604,51,3700,1,147,156,1,0,-1
577605,51,3700,1,130,157,0,1,-1
577606,51,3700,1,130,158,0,0,-1
577607,51,3700,1,131,159,0,0,-1
577608,51,3700,1,135,160,0,1,-1
577609,51,3700,1,135,161,0,0,-1
577610,51,3700,1,133,162,0,1,-1
577611,51,3700,1,133,163,0,0,-1
577612,51,3700,1,134,164,0,1,-1
577613,51,3700,1,134,165,0,0,-1
577614,51,1500,-1,0,166,0,0,-1
577615,51,1400,-1,0,167,0,0,-1
577616,51,1300,-1,0,168,0,0,-1
577617,51,400,-1,0,169,0,0,-1
577618,51,100,-1,0,170,0,0,-1
577619,51,3500,-1,0,171,0,0,-1
577620,51,1501,-1,0,172,1,0,-1
577621,51,3600,-1,0,173,0,0,-1
577622,51,1501,-1,0,174,1,0,-1
577623,51,1501,-1,0,175,0,1,-1
577624,51,401,-1,0,176,0,0,-1
577625,51,1401,-1,0,177,0,0,-1
577626,51,101,-1,0,178,0,0,-1
577627,51,102,1,138,179,0,0,-1
577628,51,3700,1,138,180,0,0,-1
577629,51,3500,-1,0,181,0,0,-1
577630,51,3700,1,138,182,1,0,-1
577631,51,3600,-1,0,183,0,0,-1
577632,51,3700,1,138,184,1,0,-1
577633,51,3500,-1,0,185,0,0,-1
577634,51,1501,-1,0,186,1,0,-1
577635,51,1502,-1,0,187,0,0,-1
577636,51,4200,-1,0,188,0,1,-1
577637,51,3700,1,250,189,0,0,-1
577638,51,3500,-1,0,190,0,0,-1
577639,51,3700,1,250,191,1,0,-1
577640,51,3500,-1,0,192,0,0,-1
577641,51,3700,1,250,193,1,0,-1
577642,51,4400,-1,0,194,0,0,-1
577643,53,3700,1,207,195,0,0,-1
577644,53,3500,-1,0,196,0,0,-1
577645,53,3700,1,147,197,1,0,-1
577646,53,3600,-1,0,198,0,0,-1
577647,53,3700,1,147,199,1,0,-1
577648,53,3700,1,130,200,0,0,-1
577649,53,3500,-1,0,201,0,0,-1
577650,53,3700,1,130,202,1,0,-1
577651,53,3700,1,147,203,1,0,-1
577652,53,4000,-1,0,204,0,0,-1
577653,53,3500,-1,0,205,1,0,-1
577654,53,3700,1,130,206,2,0,-1
577655,53,3700,1,147,207,2,0,-1
577656,53,3500,-1,0,208,2,0,-1
577657,53,3700,1,147,209,3,0,-1
577658,53,3700,1,130,210,3,0,-1
577659,53,3700,1,131,211,0,0,-1
577660,53,3500,-1,0,212,0,1,-1
577661,53,3700,1,134,213,1,1,-1
577662,53,3600,-1,0,214,0,1,-1
577663,53,3700,1,134,215,1,1,-1
577664,53,3500,-1,0,216,0,1,-1
577665,53,3700,1,133,217,1,1,-1
577666,53,3600,-1,0,218,0,1,-1
577667,53,3700,1,133,219,1,1,-1
577668,53,3700,1,133,220,0,0,-1
577669,53,3700,1,134,221,0,0,-1
577670,53,3700,1,133,222,0,0,-1
577671,53,3700,1,134,223,0,0,-1
577672,53,1500,-1,0,224,0,0,-1
577673,53,1400,-1,0,225,0,0,-1
577674,53,1300,-1,0,226,0,0,-1
577675,53,400,-1,0,227,0,0,-1
577676,53,100,-1,0,228,0,0,-1
577677,53,3500,-1,0,229,0,0,-1
577678,53,3700,1,146,230,1,0,-1
577679,53,3700,1,146,231,1,0,-1
577680,53,3700,1,145,232,1,0,-1
577681,53,3700,1,145,233,1,0,-1
577682,53,1501,-1,0,235,1,1,-1
577683,53,1501,-1,0,234,1,0,-1
577684,53,3600,-1,0,236,0,0,-1
577685,53,1501,-1,0,239,1,1,-1
577686,53,1501,-1,0,240,1,1,-1
577687,53,3700,1,146,237,1,0,-1
577688,53,1501,-1,0,238,1,0,-1
577689,53,1501,-1,0,241,0,1,-1
577690,53,401,-1,0,242,0,0,-1
577691,53,1401,-1,0,243,0,0,-1
577692,53,1301,-1,0,244,0,0,-1
577693,53,101,-1,0,245,0,0,-1
577694,53,102,1,138,246,0,0,-1
577695,53,3500,-1,0,247,0,0,-1
577696,53,3700,1,138,248,1,0,-1
577697,53,3500,-1,0,249,0,0,-1
577698,53,3700,1,138,250,1,0,-1
577699,53,3700,1,145,251,1,0,-1
577700,53,3600,-1,0,252,0,0,-1
577701,53,3700,1,138,254,1,1,-1
577702,53,3700,1,145,253,1,0,-1
577703,53,3700,1,145,255,0,0,-1
577704,53,3500,-1,0,256,0,0,-1
577705,53,1502,-1,0,257,1,0,-1
577706,53,3600,-1,0,258,0,0,-1
577707,53,1502,-1,0,259,1,0,-1
577708,53,4400,-1,0,260,0,0,-1
577709,54,3500,-1,0,261,0,0,-1
577710,54,3700,1,147,262,1,0,-1
577711,54,3600,-1,0,263,0,0,-1
577712,54,3700,1,147,264,1,0,-1
577713,54,3500,-1,0,265,0,0,-1
577714,54,3700,1,147,266,1,0,-1
577715,54,3700,1,131,267,0,0,-1
577716,54,1500,-1,0,268,0,0,-1
577717,54,1400,-1,0,269,0,0,-1
577718,54,1300,-1,0,270,0,0,-1
577719,54,400,-1,0,271,0,0,-1
577720,54,100,-1,0,272,0,0,-1
577721,54,1401,-1,0,273,0,0,-1
577722,54,1301,-1,0,274,0,0,-1
577723,54,101,-1,0,275,0,0,-1
577724,54,3700,1,130,276,0,0,-1
577725,54,3500,-1,0,277,0,0,-1
577726,54,3700,1,130,278,1,0,-1
577727,54,401,-1,0,279,0,0,-1
577728,54,102,1,145,280,0,0,-1
577729,54,102,1,145,281,0,0,-1
577730,54,3700,1,145,282,0,0,-1
577731,54,3700,1,130,283,0,0,-1
577732,54,3500,-1,0,284,0,0,-1
577733,54,3700,1,130,285,1,0,-1
577734,54,401,-1,0,286,0,0,-1
577735,54,102,1,146,287,0,0,-1
577736,54,102,1,146,288,0,0,-1
577737,54,3700,1,146,289,0,0,-1
577738,54,3700,1,130,290,0,0,-1
577739,54,3500,-1,0,291,0,0,-1
577740,54,3700,1,130,292,1,0,-1
577741,54,3700,1,138,293,0,0,-1
577742,54,401,-1,0,294,0,0,-1
577743,54,3500,-1,0,295,0,0,-1
577744,54,3700,1,138,296,1,0,-1
577745,54,3500,-1,0,297,0,0,-1
577746,54,3700,1,138,298,1,0,-1
577747,54,3600,-1,0,299,0,1,-1
577748,54,3700,1,138,300,1,1,-1
577749,54,3700,1,138,301,1,1,-1
577750,54,3700,1,133,302,0,0,-1
577751,54,3700,1,134,303,0,0,-1
577752,54,3700,1,133,304,0,0,-1
577753,54,3700,1,134,305,0,0,-1
577754,54,3500,-1,0,306,0,0,-1
577755,54,3500,-1,0,307,1,0,-1
577756,54,3700,1,134,308,2,0,-1
577757,54,3600,-1,0,309,1,0,-1
577758,54,3700,1,134,310,2,0,-1
577759,54,3500,-1,0,311,1,0,-1
577760,54,3700,1,133,312,2,0,-1
577761,54,3600,-1,0,313,1,0,-1
577762,54,3700,1,133,314,2,0,-1
577763,54,1501,-1,0,315,1,0,-1
577764,54,3600,-1,0,316,0,0,-1
577765,54,1501,-1,0,317,1,1,-1
577766,54,1501,-1,0,318,1,1,-1
577767,54,3700,1,146,319,1,0,-1
577768,54,1501,-1,0,320,1,0,-1
577769,54,1501,-1,0,321,0,1,-1
577770,54,3700,1,138,322,0,0,-1
577771,54,1502,-1,0,323,0,0,-1
577772,54,4400,-1,0,324,0,0,-1
577773,67,3500,-1,0,325,0,0,-1
577774,67,3700,3,11,326,1,0,-1
577775,67,4000,-1,0,327,0,0,-1
577776,67,3700,3,11,328,1,0,-1
577777,67,3500,-1,0,329,0,0,-1
577778,67,3700,3,13,330,1,0,-1
577779,67,3500,-1,0,331,0,0,-1
577780,67,3700,3,12,332,1,0,-1
577781,67,3500,-1,0,333,0,0,-1
577782,67,3700,3,14,334,1,0,-1
577783,67,4200,-1,0,335,0,1,-1
577784,67,3700,1,131,336,0,0,-1
577785,67,3700,1,133,337,0,0,-1
577786,67,3700,1,130,338,0,0,-1
577787,67,3500,-1,0,339,0,0,-1
577788,67,3700,1,130,340,1,0,-1
577789,67,3700,1,131,341,1,0,-1
577790,67,3500,-1,0,342,1,0,-1
577791,67,3700,1,131,343,2,0,-1
577792,67,3700,1,133,344,2,0,-1
577793,67,4000,-1,0,345,1,0,-1
577794,67,3700,1,131,346,2,0,-1
577795,67,3600,-1,0,347,1,0,-1
577796,67,3700,1,131,348,2,0,-1
577797,67,4000,-1,0,349,0,0,-1
577798,67,3700,1,130,350,1,0,-1
577799,67,3700,1,131,351,1,0,-1
577800,67,3500,-1,0,352,1,0,-1
577801,67,3700,1,131,353,2,0,-1
577802,67,3700,1,133,354,2,0,-1
577803,67,4000,-1,0,355,1,0,-1
577804,67,3700,1,131,356,2,0,-1
577805,67,3600,-1,0,357,1,0,-1
577806,67,3700,1,131,358,2,0,-1
577807,67,3600,-1,0,359,0,0,-1
577808,67,3700,1,131,360,1,0,-1
577809,67,3700,1,134,361,0,0,-1
577810,67,3700,1,135,362,0,0,-1
577811,67,1500,-1,0,363,0,0,-1
577812,67,1301,-1,0,364,0,0,-1
577813,67,1501,-1,0,365,0,0,-1
577814,67,401,-1,0,366,0,0,-1
577815,67,1401,-1,0,367,0,0,-1
577816,67,3500,-1,0,368,0,0,-1
577817,67,101,-1,0,369,1,0,-1
577818,67,3600,-1,0,370,0,0,-1
577819,67,101,-1,0,371,1,0,-1
577820,67,102,1,138,372,0,0,-1
577821,67,3700,1,145,373,0,0,-1
577822,67,3500,-1,0,374,0,0,-1
577823,67,3700,1,145,375,1,0,-1
577824,67,3600,-1,0,376,0,0,-1
577825,67,3700,1,145,377,1,0,-1
577826,67,1502,-1,0,378,0,0,-1
577827,67,1400,-1,0,379,0,0,-1
577828,67,1300,-1,0,380,0,0,-1
577829,67,400,-1,0,381,0,0,-1
577830,67,100,-1,0,382,0,0,-1
577831,68,3500,-1,0,383,0,0,-1
577832,68,3700,3,11,384,1,0,-1
577833,68,4000,-1,0,385,0,0,-1
577834,68,3700,3,11,386,1,0,-1
577835,68,3500,-1,0,387,0,0,-1
577836,68,3700,3,13,388,1,0,-1
577837,68,3500,-1,0,389,0,0,-1
577838,68,3700,3,12,390,1,0,-1
577839,68,3500,-1,0,391,0,0,-1
577840,68,3700,3,14,392,1,0,-1
577841,68,3700,1,131,393,0,0,-1
577842,68,3700,1,133,394,0,0,-1
577843,68,3700,1,134,395,0,0,-1
577844,68,3700,1,135,396,0,0,-1
577845,68,1500,-1,0,397,0,0,-1
577846,68,4603,1,146,398,0,0,-1
577847,68,3500,-1,0,399,0,0,-1
577848,68,3500,-1,0,400,1,0,-1
577849,68,4901,-1,0,401,2,0,-1
577850,68,4200,-1,0,402,2,1,-1
577851,68,3700,1,145,403,2,0,-1
577852,68,1501,-1,0,404,2,0,-1
577853,68,4902,1,138,405,2,0,-1
577854,68,3500,-1,0,406,2,0,-1
577855,68,3700,1,138,407,3,0,-1
577856,68,1502,-1,0,408,2,0,-1
577857,68,4900,-1,0,409,2,0,-1
577858,68,4400,-1,0,410,2,0,-1
577859,68,3600,-1,0,411,1,0,-1
577860,68,4400,-1,0,412,2,0,-1
577861,68,4000,-1,0,413,0,0,-1
577862,68,3700,1,130,414,1,0,-1
577863,68,3500,-1,0,415,1,0,-1
577864,68,3700,1,130,416,2,0,-1
577865,68,3700,1,131,417,2,0,-1
577866,68,3500,-1,0,418,2,0,-1
577867,68,3700,1,131,419,3,0,-1
577868,68,3700,1,134,420,3,0,-1
577869,68,3700,1,135,421,3,0,-1
577870,68,3600,-1,0,422,0,0,-1
577871,68,3500,-1,0,423,1,0,-1
577872,68,4200,-1,0,424,2,1,-1
577873,68,4901,-1,0,425,2,0,-1
577874,68,4200,-1,0,426,2,1,-1
577875,68,3700,1,145,427,2,0,-1
577876,68,3700,1,145,428,2,0,-1
577877,68,1501,-1,0,429,2,0,-1
577878,68,4902,1,138,430,2,0,-1
577879,68,3500,-1,0,431,2,0,-1
577880,68,3700,1,138,432,3,0,-1
577881,68,1502,-1,0,433,2,0,-1
577882,68,4900,-1,0,434,2,0,-1
577883,68,4400,-1,0,435,2,0,-1
577884,68,3600,-1,0,436,1,0,-1
577885,68,4200,-1,0,437,2,1,-1
577886,68,3700,1,130,438,2,0,-1
577887,68,3700,1,131,439,2,0,-1
577888,68,3500,-1,0,440,2,0,-1
577889,68,3700,1,131,441,3,0,-1
577890,68,3700,1,134,442,3,0,-1
577891,68,3700,1,135,443,3,0,-1
577892,68,1501,-1,0,444,0,0,-1
577893,68,1301,-1,0,445,0,0,-1
577894,68,1401,-1,0,446,0,0,-1
577895,68,3500,-1,0,447,0,0,-1
577896,68,401,-1,0,448,1,0,-1
577897,68,3500,-1,0,449,1,0,-1
577898,68,101,-1,0,450,2,0,-1
577899,68,3600,-1,0,451,1,0,-1
577900,68,101,-1,0,452,2,0,-1
577901,68,3600,-1,0,453,0,0,-1
577902,68,401,-1,0,454,1,0,-1
577903,68,101,-1,0,455,1,0,-1
577904,68,102,1,145,456,0,0,-1
577905,68,3500,-1,0,457,0,0,-1
577906,68,3700,1,145,458,1,0,-1
577907,68,3600,-1,0,459,0,0,-1
577908,68,3700,1,145,460,1,0,-1
577909,68,1502,-1,0,461,0,0,-1
577910,68,1400,-1,0,462,0,0,-1
577911,68,1300,-1,0,463,0,0,-1
577912,68,400,-1,0,464,0,0,-1
577913,68,100,-1,0,465,0,0,-1
577914,68,4400,-1,0,466,0,0,-1
577915,95,4636,-1,0,1,0,0,-1
577916,98,8301,-1,0,1,0,0,-1
577917,122,4636,-1,0,1,0,0,-1
577918,124,4636,-1,0,1,0,0,-1
577919,118,4636,-1,0,1,0,0,-1
577920,123,4636,-1,0,1,0,0,-1
577921,147,4636,-1,0,1,0,0,-1
577922,104,1500,-1,0,1,0,0,-1
577923,104,1501,-1,0,2,0,0,-1
577924,104,4639,1,483,3,0,0,-1
577925,104,1502,-1,0,4,0,0,-1
577926,125,4636,-1,0,1,0,0,-1
577927,143,5701,-1,0,1,0,0,-1
577928,144,5701,-1,0,1,0,0,-1
577984,167,3700,3,5,1,0,1,-1
577985,167,3700,3,6,2,0,1,-1
577986,167,3700,3,7,3,0,1,-1
577987,167,3700,3,11,4,0,1,-1
577988,167,4621,3,24,5,0,1,-1
577989,167,4500,1,720,6,0,1,-1
577990,167,4500,1,721,7,0,1,-1
577991,167,3500,-1,0,8,0,1,-1
577992,167,3700,3,8,9,1,1,-1
577993,167,3700,3,9,10,1,1,-1
577994,167,3700,3,17,11,1,1,-1
577995,167,3600,-1,0,12,0,1,-1
577996,167,3700,3,8,13,1,1,-1
577997,167,3700,3,9,14,1,1,-1
577998,167,3700,3,17,15,1,1,-1
577999,167,3700,3,18,16,0,1,-1
578000,167,3500,-1,0,17,0,1,-1
578001,167,3700,3,14,18,1,1,-1
578002,167,3600,-1,0,19,0,1,-1
578003,167,3700,3,14,20,1,1,-1
578004,167,3500,-1,0,21,0,1,-1
578005,167,3700,3,12,22,1,1,-1
578006,167,3600,-1,0,23,0,1,-1
578007,167,3700,3,12,24,1,1,-1
578008,167,3500,-1,0,25,0,1,-1
578009,167,3700,3,13,26,1,1,-1
578010,167,3600,-1,0,27,0,1,-1
578011,167,3700,3,13,28,1,1,-1
578012,167,3500,-1,0,29,0,1,-1
578013,167,3700,3,10,30,1,1,-1
578014,167,3600,-1,0,31,0,1,-1
578015,167,3700,3,10,32,1,1,-1
578016,167,3500,-1,0,33,0,1,-1
578017,167,3700,3,10,34,1,1,-1
578018,167,3600,-1,0,35,0,1,-1
578019,167,3700,3,10,36,1,1,-1
578020,167,3500,-1,0,37,0,1,-1
578021,167,3500,-1,0,38,1,1,-1
578022,167,3700,2,1684,39,2,1,-1
578023,167,4000,-1,0,40,1,1,-1
578024,167,3700,2,1684,41,2,1,-1
578025,167,4000,-1,0,42,1,1,-1
578026,167,3700,2,1684,43,2,1,-1
578027,167,4000,-1,0,44,1,1,-1
578028,167,4200,-1,0,45,2,1,-1
578029,167,3700,2,1684,46,2,1,-1
578030,167,3600,-1,0,47,1,1,-1
578031,167,3700,2,1684,48,2,1,-1
578032,167,3500,-1,0,49,0,1,-1
578033,167,4300,-1,0,50,1,1,-1
578034,167,4000,-1,0,51,0,1,-1
578035,167,4200,-1,0,52,1,1,-1
578036,167,4000,-1,0,53,0,1,-1
578037,167,4200,-1,0,54,1,1,-1
578038,167,3700,3,15,55,1,1,-1
578039,167,4300,-1,0,56,1,1,-1
578040,167,4000,-1,0,57,0,1,-1
578041,167,4300,-1,0,58,1,1,-1
578042,167,4000,-1,0,59,0,1,-1
578043,167,3700,3,15,60,1,1,-1
578044,167,4300,-1,0,61,1,1,-1
578045,167,4000,-1,0,62,0,1,-1
578046,167,4200,-1,0,63,1,1,-1
578047,167,3700,3,15,64,1,1,-1
578048,167,4300,-1,0,65,1,1,-1
578049,167,4000,-1,0,66,0,1,-1
578050,167,3700,3,8,67,1,1,-1
578051,167,3700,3,9,68,1,1,-1
578052,167,3700,3,25,69,1,1,-1
578053,167,3700,3,26,70,1,1,-1
578054,167,3700,3,17,71,1,1,-1
578055,167,4300,-1,0,72,1,1,-1
578056,167,3600,-1,0,73,0,1,-1
578057,167,2804,-1,0,74,1,1,-1
578058,167,4638,-1,0,75,0,0,0
578059,168,3700,3,5,1,0,0,-1
578060,168,3700,3,6,2,0,0,-1
578061,168,3700,3,7,3,0,0,-1
578062,168,3700,3,11,4,0,0,-1
578063,168,4500,1,725,5,0,0,-1
578064,168,4500,1,726,6,0,0,-1
578065,168,3500,-1,0,7,0,0,-1
578066,168,3700,3,8,8,1,0,-1
578067,168,3700,3,9,9,1,0,-1
578068,168,3700,3,17,10,1,0,-1
578069,168,3600,-1,0,11,0,0,-1
578070,168,3700,3,8,12,1,0,-1
578071,168,3700,3,9,13,1,0,-1
578072,168,3700,3,17,14,1,0,-1
578073,168,3700,3,28,15,0,0,-1
578074,168,3700,3,27,16,0,0,-1
578075,168,3500,-1,0,17,0,0,-1
578076,168,3700,3,14,18,1,0,-1
578077,168,3600,-1,0,19,0,0,-1
578078,168,3700,3,14,20,1,0,-1
578079,168,3500,-1,0,21,0,0,-1
578080,168,3700,3,12,22,1,0,-1
578081,168,3600,-1,0,23,0,0,-1
578082,168,3700,3,12,24,1,0,-1
578083,168,3500,-1,0,25,0,0,-1
578084,168,3700,3,13,26,1,0,-1
578085,168,3600,-1,0,27,0,0,-1
578086,168,3700,3,13,28,1,0,-1
578087,168,3500,-1,0,29,0,0,-1
578088,168,3700,3,10,30,1,0,-1
578089,168,3600,-1,0,31,0,0,-1
578090,168,3700,3,10,32,1,0,-1
578091,168,3500,-1,0,33,0,1,-1
578092,168,3700,3,10,34,1,1,-1
578093,168,3600,-1,0,35,0,1,-1
578094,168,3700,3,10,36,1,1,-1
578095,168,3500,-1,0,37,0,0,-1
578096,168,3500,-1,0,38,1,0,-1
578097,168,3700,2,1701,39,2,0,-1
578098,168,4000,-1,0,40,1,0,-1
578099,168,3700,2,1701,41,2,0,-1
578100,168,3600,-1,0,42,1,0,-1
578101,168,3700,2,1701,43,2,0,-1
578102,168,3500,-1,0,44,0,0,-1
578103,168,4300,-1,0,45,1,0,-1
578104,168,4000,-1,0,46,0,0,-1
578105,168,3500,-1,0,47,1,0,-1
578106,168,3700,3,12,48,2,0,-1
578107,168,3600,-1,0,49,1,0,-1
578108,168,3700,3,12,50,2,0,-1
578109,168,4654,-1,0,51,1,0,0
578110,168,3600,-1,0,52,0,0,-1
578111,168,2804,-1,0,53,1,0,-1
578113,110,4649,-1,0,1,0,0,0
578114,169,5501,-1,0,1,0,1,-1
578115,170,5501,-1,0,1,0,1,-1
578116,170,1500,-1,0,2,0,0,-1
578117,169,1500,-1,0,2,0,0,-1
578118,171,5501,-1,0,1,0,0,-1
578122,172,1503,-1,0,1,0,0,0
578123,173,5701,-1,0,1,0,0,-1
578124,111,4101,-1,0,4,0,0,0
578139,175,3700,1,751,1,0,1,-1
578140,175,3500,-1,0,2,0,0,0
578141,175,3700,1,751,3,1,0,-1
578142,175,4000,-1,0,4,0,0,0
578143,175,3700,1,751,5,1,0,-1
578144,175,4000,-1,0,6,0,0,0
578145,175,3700,1,751,7,1,0,-1
578146,175,4000,-1,0,8,0,0,0
578147,175,3700,1,751,9,1,0,-1
578148,175,4000,-1,0,10,0,0,0
578149,175,3700,1,751,11,1,0,-1
578150,175,4000,-1,0,12,0,0,0
578151,175,3700,1,751,13,1,0,-1
578152,175,4000,-1,0,14,0,0,0
578153,175,3700,1,751,15,1,0,-1
578154,175,4000,-1,0,16,0,0,0
578155,175,3700,1,751,17,1,0,-1
578156,175,4000,-1,0,18,0,0,0
578157,175,3700,1,751,19,1,0,-1
578158,175,4000,-1,0,20,0,0,0
578159,175,3700,1,751,21,1,0,-1
578160,175,4000,-1,0,22,0,0,0
578161,175,3700,1,751,23,1,0,-1
578162,175,4000,-1,0,24,0,0,0
578163,175,3700,1,751,25,1,0,-1
578164,175,3600,-1,0,26,0,0,0
578165,175,3700,1,751,27,1,0,-1
578166,175,5001,-1,0,28,0,0,0
578167,176,3500,-1,0,1,0,0,0
578168,176,3700,1,755,2,1,0,-1
578169,176,4000,-1,0,3,0,0,0
578170,176,3700,1,755,4,1,0,-1
578171,176,4000,-1,0,5,0,0,0
578172,176,3700,1,755,6,1,0,-1
578173,176,4000,-1,0,7,0,0,0
578174,176,3700,1,755,8,1,0,-1
578175,176,4000,-1,0,9,0,0,0
578176,176,3700,1,755,10,1,0,-1
578177,176,4000,-1,0,11,0,0,0
578178,176,3700,1,755,12,1,0,-1
578179,176,4000,-1,0,13,0,0,0
578180,176,3700,1,755,14,1,0,-1
578181,176,4000,-1,0,15,0,0,0
578182,176,3700,1,755,16,1,0,-1
578183,176,4000,-1,0,17,0,0,0
578184,176,3700,1,755,18,1,0,-1
578185,176,4000,-1,0,19,0,0,0
578186,176,3700,1,755,20,1,0,-1
578187,176,4000,-1,0,21,0,0,0
578188,176,3700,1,755,22,1,0,-1
578189,176,4000,-1,0,23,0,0,0
578190,176,3700,1,755,24,1,0,-1
578191,176,3600,-1,0,25,0,0,0
578192,176,3700,1,755,26,1,0,-1
578193,176,5001,-1,0,27,0,0,0
578194,177,3500,-1,0,1,0,0,0
578195,177,3700,1,759,2,1,0,-1
578196,177,4000,-1,0,3,0,0,0
578197,177,3700,1,759,4,1,0,-1
578198,177,4000,-1,0,5,0,0,0
578199,177,3700,1,759,6,1,0,-1
578200,177,4000,-1,0,7,0,0,0
578201,177,3700,1,759,8,1,0,-1
578202,177,4000,-1,0,9,0,0,0
578203,177,3700,1,759,10,1,0,-1
578204,177,4000,-1,0,11,0,0,0
578205,177,3700,1,759,12,1,0,-1
578206,177,4000,-1,0,13,0,0,0
578207,177,3700,1,759,14,1,0,-1
578208,177,4000,-1,0,15,0,0,0
578209,177,3700,1,759,16,1,0,-1
578210,177,4000,-1,0,17,0,0,0
578211,177,3700,1,759,18,1,0,-1
578212,177,4000,-1,0,19,0,0,0
578213,177,3700,1,759,20,1,0,-1
578214,177,4000,-1,0,21,0,0,0
578215,177,3700,1,759,22,1,0,-1
578216,177,4000,-1,0,23,0,0,0
578217,177,3700,1,759,24,1,0,-1
578218,177,3600,-1,0,25,0,0,0
578219,177,3700,1,759,26,1,0,-1
578220,177,5001,-1,0,27,0,0,0
578221,178,3500,-1,0,1,0,0,0
578222,178,3700,1,763,2,1,0,-1
578223,178,4000,-1,0,3,0,0,0
578224,178,3700,1,763,4,1,0,-1
578225,178,4000,-1,0,5,0,0,0
578226,178,3700,1,763,6,1,0,-1
578227,178,4000,-1,0,7,0,0,0
578228,178,3700,1,763,8,1,0,-1
578229,178,4000,-1,0,9,0,0,0
578230,178,3700,1,763,10,1,0,-1
578231,178,4000,-1,0,11,0,0,0
578232,178,3700,1,763,12,1,0,-1
578233,178,4000,-1,0,13,0,0,0
578234,178,3700,1,763,14,1,0,-1
578235,178,4000,-1,0,15,0,0,0
578236,178,3700,1,763,16,1,0,-1
578237,178,4000,-1,0,17,0,0,0
578238,178,3700,1,763,18,1,0,-1
578239,178,4000,-1,0,19,0,0,0
578240,178,3700,1,763,20,1,0,-1
578241,178,4000,-1,0,21,0,0,0
578242,178,3700,1,763,22,1,0,-1
578243,178,4000,-1,0,23,0,0,0
578244,178,3700,1,763,24,1,0,-1
578245,178,3600,-1,0,25,0,0,0
578246,178,3700,1,763,26,1,0,-1
578247,178,5001,-1,0,27,0,0,0
578248,179,3700,1,767,1,0,1,-1
578249,179,3500,-1,0,2,0,0,0
578250,179,3700,1,767,3,1,0,-1
578251,179,4000,-1,0,4,0,0,0
578252,179,3700,1,767,5,1,0,-1
578253,179,4000,-1,0,6,0,0,0
578254,179,3700,1,767,7,1,0,-1
578255,179,4000,-1,0,8,0,0,0
578256,179,3700,1,767,9,1,0,-1
578257,179,4000,-1,0,10,0,0,0
578258,179,3700,1,767,11,1,0,-1
578259,179,4000,-1,0,12,0,0,0
578260,179,3700,1,767,13,1,0,-1
578261,179,4000,-1,0,14,0,0,0
578262,179,3700,1,767,15,1,0,-1
578263,179,4000,-1,0,16,0,0,0
578264,179,3700,1,767,17,1,0,-1
578265,179,4000,-1,0,18,0,0,0
578266,179,3700,1,767,19,1,0,-1
578267,179,4000,-1,0,20,0,0,0
578268,179,3700,1,767,21,1,0,-1
578269,179,4000,-1,0,22,0,0,0
578270,179,3700,1,767,23,1,0,-1
578271,179,4000,-1,0,24,0,0,0
578272,179,3700,1,767,25,1,0,-1
578273,179,3600,-1,0,26,0,0,0
578274,179,3700,1,767,27,1,0,-1
578275,179,5001,-1,0,28,0,0,0
578276,146,8900,-1,0,5,1,0,0
578277,146,8901,-1,0,6,1,0,0
578278,146,8902,1,637,9,1,0,-1
578279,146,8900,-1,0,11,1,0,0
578280,146,8901,-1,0,12,1,0,0
578281,180,4636,-1,0,1,0,0,-1
578282,181,5701,-1,0,1,0,0,-1
578289,182,11401,-1,0,1,0,0,0
578290,183,11401,-1,0,1,0,0,0
578291,184,11501,-1,0,1,0,0,0
578300,185,4656,-1,0,1,0,0,0
578301,186,4656,-1,0,1,0,0,0
578305,187,5601,-1,0,1,0,0,0
578309,188,5501,-1,0,1,0,0,0
578314,190,4636,-1,0,1,0,0,-1
578315,191,4636,-1,0,1,0,0,-1
578316,192,4636,-1,0,1,0,0,-1
578317,193,4636,-1,0,1,0,0,-1
578318,194,4636,-1,0,1,0,0,-1
578319,195,4636,-1,0,1,0,0,-1
578320,196,4636,-1,0,1,0,0,-1
578321,197,4636,-1,0,1,0,0,-1
578322,198,4636,-1,0,1,0,0,-1
578324,199,4636,-1,0,1,0,0,-1
578325,200,4636,-1,0,1,0,0,-1
578326,201,4636,-1,0,1,0,0,-1
578327,202,4636,-1,0,1,0,0,-1
578328,203,4636,-1,0,1,0,0,-1
578329,204,4636,-1,0,1,0,0,-1
578330,205,4636,-1,0,1,0,0,-1
578331,206,4636,-1,0,1,0,0,-1
578333,208,4636,-1,0,1,0,0,-1
578334,209,4636,-1,0,1,0,0,-1
578335,210,8301,-1,0,1,0,0,-1
578336,211,8301,-1,0,1,0,0,-1
578337,212,8301,-1,0,1,0,0,-1
578338,213,8301,-1,0,1,0,0,-1
578339,214,5701,-1,0,1,0,0,-1
578367,215,5501,-1,0,1,0,0,-1
578395,216,5601,-1,0,1,0,0,-1
578396,217,5001,-1,0,1,0,0,-1
578397,218,5801,-1,0,1,0,0,-1
578398,219,4636,-1,0,1,0,0,-1
578399,220,1500,-1,0,2,0,0,0
578400,220,1501,-1,0,3,0,0,0
578401,220,1502,-1,0,4,0,0,0
578402,221,1500,-1,0,5,0,0,0
578403,221,1501,-1,0,6,0,0,0
578404,221,1502,-1,0,7,0,0,0
578405,222,1500,-1,0,8,0,0,0
578406,222,1501,-1,0,9,0,0,0
578407,222,1502,-1,0,10,0,0,0
578408,223,1500,-1,0,11,0,0,0
578409,223,1501,-1,0,12,0,0,0
578410,223,1502,-1,0,13,0,0,0
578411,224,1500,-1,0,14,0,0,0
578412,224,1501,-1,0,15,0,0,0
578413,224,1502,-1,0,16,0,0,0
578414,225,1500,-1,0,17,0,0,0
578415,225,1501,-1,0,18,0,0,0
578416,225,1502,-1,0,19,0,0,0
578417,226,4101,-1,0,1,0,0,-1
578418,226,1500,-1,0,2,0,1,-1
578419,226,1501,-1,0,3,0,1,-1
578420,226,1502,-1,0,4,0,1,-1
578421,189,4657,-1,0,1,0,0,0
578422,227,5701,-1,0,1,0,0,-1
578426,228,4636,-1,0,1,0,0,0
578427,229,4636,-1,0,1,0,0,0
578431,230,4658,-1,0,1,0,0,0
578432,231,4636,-1,0,1,0,0,-1
578433,232,4636,-1,0,1,0,0,-1
578434,233,4636,-1,0,1,0,0,-1
578435,234,4636,-1,0,1,0,0,-1
578436,235,5601,-1,0,1,0,0,-1
578437,236,4636,-1,0,1,0,0,-1
578438,158,4636,-1,0,1,0,0,0
578442,237,4636,-1,0,1,0,0,0
578443,238,4636,-1,0,1,0,0,0
578444,239,4636,-1,0,1,0,0,0
578445,240,4636,-1,0,1,0,0,0
578446,241,4636,-1,0,1,0,0,-1
578447,242,4636,-1,0,1,0,0,-1
578448,243,4636,-1,0,1,0,0,0
578449,244,4636,-1,0,1,0,0,0
578450,245,4636,-1,0,1,0,0,-1
578451,246,4660,-1,0,1,0,0,0
578452,247,4661,-1,0,1,0,0,0
578453,248,4662,-1,0,1,0,0,0
578454,249,1511,-1,0,1,0,0,0
578455,250,5601,-1,0,1,0,0,0
578456,251,11601,-1,0,1,0,0,0
578457,252,5601,-1,0,1,0,0,0
578458,253,11401,-1,0,1,0,0,0
578459,254,4663,-1,0,1,0,0,0
578460,255,4636,-1,0,1,0,0,0
578461,256,11701,-1,0,1,0,0,0
578462,257,11801,-1,0,1,0,0,0
578463,258,11701,-1,0,1,0,0,0
578464,259,11701,-1,0,1,0,0,0
578465,260,11701,-1,0,1,0,0,0
578466,261,11701,-1,0,1,0,0,0
578467,262,4636,-1,0,1,0,0,0
578468,263,4636,-1,0,1,0,0,-1
578469,264,4636,-1,0,1,0,0,0
578470,265,4632,-1,0,1,0,0,0
578471,266,1500,-1,0,1,0,0,-1
578472,266,1501,-1,0,2,0,0,-1
578473,266,4664,1,1043,3,0,0,-1
578474,266,1502,-1,0,4,0,0,-1
578475,267,4665,-1,0,1,0,0,0
578476,270,12103,4,1057,1,0,0,-1
578477,269,12102,4,1054,1,0,0,-1
578478,268,12101,4,1051,1,0,0,-1
578479,271,12104,4,1060,1,0,0,-1
578481,128,4667,-1,0,1,0,0,-1
578482,272,5701,-1,0,1,0,0,-1
578483,273,5701,-1,0,1,0,0,-1
578484,112,4667,-1,0,1,0,0,-1
578485,116,4667,-1,0,1,0,0,-1
578486,131,4667,-1,0,1,0,0,-1
578487,93,4667,-1,0,1,0,0,-1
578488,163,4667,-1,0,1,0,0,-1
578493,95,4667,-1,0,1,0,0,-1
578498,147,4667,-1,0,1,0,0,-1
578499,274,5701,-1,0,1,0,0,-1
578504,275,5701,-1,0,1,0,0,-1
578505,241,4667,-1,0,1,0,0,-1
578506,242,4667,-1,0,1,0,0,-1
578507,276,4636,-1,0,1,0,0,0
578508,277,4666,-1,0,1,0,0,0
578509,278,4666,-1,0,1,0,0,0
578511,279,4666,-1,0,1,0,0,0
578512,280,4667,-1,0,1,0,0,0
578513,281,4666,-1,0,1,0,0,0
578514,282,12201,-1,0,1,0,0,0
578515,283,4667,-1,0,1,0,0,0
578516,287,4648,-1,0,1,0,0,0
578517,152,4667,-1,0,1,0,0,0
578518,288,4667,-1,0,1,0,0,0
578520,151,4667,-1,0,1,0,0,0
578521,289,4667,-1,0,1,0,0,0
578522,290,4667,-1,0,1,0,0,0
578523,291,4667,-1,0,1,0,0,0
578524,284,4667,-1,0,1,0,0,0
578525,162,4667,-1,0,1,0,0,0
578526,161,4667,-1,0,1,0,0,0
578527,160,4667,-1,0,1,0,0,0
578528,159,4667,-1,0,1,0,0,0
578529,111,1512,-1,0,1,0,0,0
578530,292,5800,-1,0,1,0,0,-1
578531,107,1512,-1,0,1,0,0,0
578532,108,1512,-1,0,1,0,0,0
578533,148,1512,-1,0,1,0,0,0
578534,285,4667,-1,0,1,0,0,0
578535,153,4667,-1,0,1,0,0,0
578536,286,4667,-1,0,1,0,0,-1
578537,125,4667,-1,0,1,0,0,0
578538,293,4667,-1,0,1,0,0,-1
578539,294,4667,-1,0,1,0,0,0
578540,295,12202,-1,0,1,0,0,0
